"Geography","County","State",2014,2010,2000,1990,1980,1970,1960,1950,1940,1930,1920,1910,1900,1890,1880,1870,1860
"Aguilar","Las Animas County","Colorado",479,538,593,520,624,699,777,1038,1397,1383,1236,858,698,0,0,0,0
"Akron","Washington County","Colorado",1694,1702,1711,1599,1716,1775,1890,1605,1417,1135,1401,647,351,559,0,0,0
"Alamosa","Alamosa County","Colorado",9531,8780,7960,7579,6830,6985,6205,5354,5613,5107,3171,3013,1141,973,802,0,0
"Alma","Park County","Colorado",275,270,179,148,132,73,107,149,469,110,127,301,297,367,446,0,0
"Antonito","Conejos County","Colorado",775,781,873,875,1103,1113,1045,1255,1220,858,946,681,347,315,0,0,0
"Arriba","Lincoln County","Colorado",194,193,244,220,236,254,296,367,286,337,334,0,0,0,0,0,0
"Arvada","Adams/Jefferson County","Colorado",113574,106433,102153,89235,84576,49844,19242,2359,1482,1276,915,840,0,0,0,0,0
"Aspen","Pitkin County","Colorado",6805,6658,5914,5049,3678,2437,1101,916,777,705,1265,1834,3303,5108,0,0,0
"Ault","Weld County","Colorado",1603,1519,1432,1107,1056,841,799,866,761,737,769,569,0,0,0,0,0
"Aurora","Adams/Arapahoe/Douglas County","Colorado",353108,325078,276393,222103,158588,74974,48548,11421,3437,2295,983,679,202,0,0,0,0
"Avon","Eagle County","Colorado",6447,6447,5561,1798,640,0,0,0,0,0,0,0,0,0,0,0,0
"Basalt","Eagle County","Colorado",3919,3857,2681,1128,529,419,213,173,212,148,185,235,382,0,0,0,0
"Bayfield","La Plata County","Colorado",2533,2333,1549,1090,724,320,322,335,372,277,267,227,0,0,0,0,0
"Bennett","Adams County","Colorado",2443,2308,2021,1757,942,613,287,272,199,211,0,0,0,0,0,0,0
"Berthoud","Larimer County","Colorado",5807,5105,4839,2990,2362,1446,1014,867,811,811,852,758,305,228,0,0,0
"Bethune","Kit Carson County","Colorado",240,237,225,173,149,99,70,71,79,97,0,0,0,0,0,0,0
"Black Hawk","Gilpin County","Colorado",126,118,118,227,232,217,171,166,289,253,253,668,1200,1067,1540,1068,0
"Blanca","Costilla County","Colorado",372,385,391,272,252,212,233,376,407,252,380,0,0,0,0,0,0
"Blue River","Summit County","Colorado",882,849,685,440,230,8,0,0,0,0,0,0,0,0,0,0,0
"Bonanza","Saguache County","Colorado",16,16,14,16,8,10,19,51,140,445,91,96,141,96,0,0,0
"Boone","Pueblo County","Colorado",342,339,323,341,431,448,548,0,0,0,0,0,0,0,0,0,0
"Boulder","Boulder County","Colorado",105112,97385,94673,83312,76685,66870,37718,19999,12958,11223,11006,9539,6150,3330,3069,343,0
"Bow Mar","Arapahoe/Jefferson County","Colorado",921,866,847,854,930,945,748,0,0,0,0,0,0,0,0,0,0
"Branson","Las Animas County","Colorado",67,74,77,58,73,70,124,157,250,237,0,0,0,0,0,0,0
"Breckenridge","Summit County","Colorado",4749,4540,2408,1285,818,548,393,296,381,436,796,834,976,0,1657,51,0
"Brighton","Adams County","Colorado",36765,33352,20905,14203,12773,8309,7055,4336,4029,3394,2715,850,366,306,0,0,0
"Brookside","Fremont County","Colorado",243,233,219,183,178,173,163,175,196,198,202,0,0,0,0,0,0
"Broomfield","Adams/Boulder/Jefferson/Weld County","Colorado",62138,55889,38272,24638,20730,7261,4535,0,0,0,0,0,0,0,0,0,0
"Brush","Morgan County","Colorado",5466,5463,5117,4165,4082,3377,3621,2431,2481,2312,2103,997,381,112,0,0,0
"Buena Vista","Chaffee County","Colorado",2734,2617,2195,1752,2075,1962,1806,783,779,751,903,1041,1006,0,2141,0,0
"Burlington","Kit Carson County","Colorado",4014,4254,3678,2941,3107,2828,2090,2247,1280,1280,991,368,183,146,0,0,0
"Calhan","El Paso County","Colorado",797,780,896,562,541,465,347,375,352,399,0,0,0,0,0,0,0
"Campo","Baca County","Colorado",105,109,150,121,185,206,235,266,0,0,0,0,0,0,0,0,0
"Canon City","Fremont County","Colorado",16337,16400,15431,12687,13037,9206,8973,6345,6690,5938,4551,5162,3775,2825,1501,229,0
"Carbondale","Garfield County","Colorado",6574,6427,5196,3004,2084,726,612,441,437,283,310,284,173,166,0,0,0
"Castle Pines","Douglas County","Colorado",10796,0,0,0,0,0,0,0,0,0,0,0,0,0,0,0,0
"Castle Rock","Douglas County","Colorado",55747,48231,20224,8708,3921,1531,1152,741,580,478,461,365,304,315,88,0,0
"Cedaredge","Delta County","Colorado",2187,2253,1854,1380,1184,581,549,574,556,463,455,295,0,0,0,0,0
"Centennial","Arapahoe County","Colorado",107201,100377,0,0,0,0,0,0,0,0,0,0,0,0,0,0,0
"Center","Saguache County","Colorado",2199,2230,2392,1963,1630,1470,1600,2024,1515,1011,547,385,0,0,0,0,0
"Central","Gilpin County","Colorado",724,663,515,335,329,228,250,371,706,572,552,1782,3114,2480,2626,2360,598
"Cheraw","Otero County","Colorado",249,252,211,265,233,129,173,174,184,293,186,0,0,0,0,0,0
"Cherry Hills Village","Arapahoe County","Colorado",6423,5987,5958,5245,5127,4605,1931,750,0,0,0,0,0,0,0,0,0
"Cheyenne Wells","Cheyenne County","Colorado",860,846,1010,1128,950,982,1020,1154,695,595,508,270,0,0,0,0,0
"Coal Creek","Fremont County","Colorado",339,343,303,157,190,225,206,195,261,435,618,676,698,0,0,0,0
"Cokedale","Las Animas County","Colorado",119,129,139,116,90,101,219,214,0,0,0,0,0,0,0,0,0
"Collbran","Mesa County","Colorado",706,708,388,228,344,225,310,237,301,341,286,156,0,0,0,0,0
"Colorado Springs","El Paso County","Colorado",445830,416427,360890,281140,215105,135517,70194,45472,36789,33237,30105,29078,21085,11140,4226,0,0
"Columbine Valley","Arapahoe County","Colorado",1328,1256,1132,1071,923,481,0,0,0,0,0,0,0,0,0,0,0
"Commerce","Adams County","Colorado",51762,45913,20991,16466,16234,17407,8970,0,0,0,0,0,0,0,0,0,0
"Cortez","Montezuma County","Colorado",8602,8482,7977,7284,7095,6032,6764,2680,1778,921,541,565,125,332,0,0,0
"Craig","Moffat County","Colorado",8846,9464,9189,8091,8133,4205,3984,3080,2123,1418,1297,392,0,0,0,0,0
"Crawford","Delta County","Colorado",411,431,366,221,268,171,147,170,221,157,149,0,0,0,0,0,0
"Creede","Mineral County","Colorado",282,290,377,362,610,653,350,503,670,384,500,741,938,0,0,0,0
"Crested Butte","Gunnison County","Colorado",1541,1487,1529,878,959,372,289,730,1145,1251,1213,904,988,857,0,0,0
"Crestone","Saguache County","Colorado",137,127,73,39,54,34,51,72,172,86,74,231,0,0,0,0,0
"Cripple Creek","Teller County","Colorado",1172,1189,1115,584,655,425,614,853,2358,1427,2325,6206,10147,0,0,0,0
"Crook","Logan County","Colorado",109,110,128,148,177,199,209,259,236,251,232,0,0,0,0,0,0
"Crowley","Crowley County","Colorado",175,176,187,225,192,216,265,379,318,323,224,0,0,0,0,0,0
"Dacono","Weld County","Colorado",4544,4152,3015,2228,2321,360,302,258,296,275,172,180,0,0,0,0,0
"De Beque","Mesa County","Colorado",496,504,451,257,279,155,172,253,280,347,292,149,83,0,0,0,0
"Deer Trail","Arapahoe County","Colorado",576,546,598,476,463,374,764,421,387,390,0,0,0,0,0,0,0
"Del Norte","Rio Grande County","Colorado",1629,1686,1705,1674,1709,1569,1856,2048,1923,1410,1007,840,705,736,729,0,0
"Delta","Delta County","Colorado",8720,8915,6400,3789,3931,3694,3832,4097,3717,2938,2623,2388,819,470,0,0,0
"Denver","Denver County","Colorado",663862,600158,554636,467610,492686,514678,493887,415765,322412,287861,256491,213381,133859,106713,35629,4759,4749
"Dillon","Summit County","Colorado",937,904,802,553,337,182,814,191,161,92,126,134,143,133,0,0,0
"Dinosaur","Moffat County","Colorado",312,339,319,324,313,247,318,281,0,0,0,0,0,0,0,0,0
"Dolores","Montezuma County","Colorado",948,936,857,866,802,820,805,729,804,557,465,320,108,0,0,0,0
"Dove Creek","Dolores County","Colorado",703,735,698,643,826,619,986,702,418,0,0,0,0,0,0,0,0
"Durango","La Plata County","Colorado",17834,16887,13922,12430,11649,10333,10530,7459,5887,5400,4116,4686,3317,2726,0,0,0
"Eads","Kiowa County","Colorado",599,609,747,780,878,795,929,1015,700,518,406,0,0,0,0,0,0
"Eagle","Eagle County","Colorado",6572,6508,3032,1580,950,790,546,445,518,341,358,186,124,0,0,0,0
"Eaton","Weld County","Colorado",4815,4365,2690,1959,1932,1389,1267,1276,1322,1221,1289,1157,384,0,0,0,0
"Eckley","Yuma County","Colorado",255,257,278,211,262,193,207,295,358,359,332,0,0,0,0,0,0
"Edgewater","Jefferson County","Colorado",5289,5170,5445,4613,4766,4910,4314,2580,1648,1473,664,712,0,0,0,0,0
"Elizabeth","Elbert County","Colorado",1395,1358,1434,818,789,493,326,263,275,266,230,194,215,0,0,0,0
"Empire","Clear Creek County","Colorado",283,282,355,401,423,249,110,228,174,93,105,179,276,134,0,0,0
"Englewood","Arapahoe County","Colorado",32480,30255,31727,29387,30021,33695,33398,16869,9680,7980,4356,2983,0,0,0,0,0
"Erie","Weld County","Colorado",20493,18135,6291,1258,1254,1090,875,937,1019,930,697,596,697,662,358,0,0
"Estes Park","Larimer County","Colorado",6165,5858,5413,3184,2703,1616,1175,1617,994,417,0,0,0,0,0,0,0
"Evans","Weld County","Colorado",20473,18537,9514,5877,5063,2570,1453,862,792,540,505,600,400,306,0,189,0
"Fairplay","Park County","Colorado",679,679,610,387,421,419,404,476,739,221,183,265,319,301,0,0,0
"Federal Heights","Adams County","Colorado",12178,11467,12065,9342,7838,1502,391,173,0,0,0,0,0,0,0,0,0
"Firestone","Weld County","Colorado",11537,10147,1908,1358,1204,570,276,297,262,240,214,110,0,0,0,0,0
"Flagler","Kit Carson County","Colorado",561,561,612,564,550,615,693,793,506,540,544,0,0,0,0,0,0
"Fleming","Logan County","Colorado",399,408,426,344,388,349,384,377,400,365,518,0,0,0,0,0,0
"Florence","Fremont County","Colorado",3852,3881,3653,2990,2987,2846,2821,2773,2632,2475,2629,2712,3728,0,0,0,0
"Fort Collins","Larimer County","Colorado",156480,143986,118652,87758,65092,43337,25027,14937,12251,11489,8755,8210,3053,2011,1356,0,0
"Fort Lupton","Weld County","Colorado",7783,7377,6787,5159,4251,2489,2194,1907,1692,1578,1014,614,214,113,0,0,0
"Fort Morgan","Morgan County","Colorado",11329,11315,11034,9068,8768,7594,7379,5315,4884,4423,3818,2800,634,488,0,0,0
"Fountain","El Paso County","Colorado",27631,25846,15197,9984,8324,3515,1602,713,571,577,595,431,0,0,99,0,0
"Fowler","Otero County","Colorado",1155,1182,1206,1154,1227,1241,1240,1025,922,968,1062,925,0,0,0,0,0
"Foxfield","Arapahoe County","Colorado",741,685,746,0,0,0,0,0,0,0,0,0,0,0,0,0,0
"Fraser","Grand County","Colorado",1165,1224,910,575,470,221,253,0,0,0,0,0,0,0,0,0,0
"Frederick","Weld County","Colorado",10927,8679,2467,988,855,696,595,599,652,596,361,266,0,0,0,0,0
"Frisco","Summit County","Colorado",2914,2683,2443,1601,1221,471,316,87,60,18,0,0,0,0,48,0,0
"Fruita","Mesa County","Colorado",12761,12646,6478,4045,2810,1822,1830,1463,1486,1053,1193,881,126,0,0,0,0
"Garden","Weld County","Colorado",264,234,357,199,85,142,129,104,87,0,0,0,0,0,0,0,0
"Genoa","Lincoln County","Colorado",140,139,211,167,165,161,185,257,214,218,0,0,0,0,0,0,0
"Georgetown","Clear Creek County","Colorado",1038,1034,1088,891,830,542,307,329,391,303,703,950,1418,1927,3294,802,0
"Gilcrest","Weld County","Colorado",1080,1034,1162,1084,1025,382,357,429,352,324,222,0,0,0,0,0,0
"Glendale","Arapahoe County","Colorado",5115,4184,4547,2453,2496,765,468,0,0,0,0,0,0,0,0,0,0
"Glenwood Springs","Garfield County","Colorado",9840,9614,7736,6561,4637,4106,3637,2412,2253,1825,2073,2019,1350,920,0,0,0
"Golden","Jefferson County","Colorado",20201,18867,17159,13116,12237,9817,7118,5238,3175,2426,2135,2477,2152,2383,2730,587,1014
"Granada","Prowers County","Colorado",490,517,640,513,557,551,593,551,342,352,308,359,204,163,121,0,0
"Granby","Grand County","Colorado",1808,1864,1525,966,963,554,503,463,251,90,32,40,0,0,0,0,0
"Grand Junction","Mesa County","Colorado",60210,58566,41986,29034,27956,20170,18694,14504,12479,10247,8665,7754,3503,2030,0,0,0
"Grand Lake","Grand County","Colorado",466,471,447,259,382,189,170,309,0,0,0,0,0,0,0,0,0
"Greeley","Weld County","Colorado",98596,92889,76930,60536,53006,38902,26314,20354,15995,12203,10958,8179,3023,2395,1297,480,0
"Green Mountain Falls","El Paso County","Colorado",676,640,773,663,607,359,179,106,87,41,100,30,40,0,0,0,0
"Greenwood Village","Arapahoe County","Colorado",15385,13925,11035,7589,5729,3095,572,0,0,0,0,0,0,0,0,0,0
"Grover","Weld County","Colorado",145,137,153,135,158,121,133,146,137,165,195,0,0,0,0,0,0
"Gunnison","Gunnison County","Colorado",5973,5854,5409,4636,5785,4613,3477,2770,2177,1415,1329,1026,1200,1105,888,0,0
"Gypsum","Eagle County","Colorado",6797,6477,3654,1750,743,420,358,345,245,165,164,0,0,0,0,0,0
"Hartman","Prowers County","Colorado",73,81,111,108,122,129,164,181,148,269,175,0,0,0,0,0,0
"Haswell","Kiowa County","Colorado",68,68,84,62,126,135,169,163,163,156,0,0,0,0,0,0,0
"Haxtun","Phillips County","Colorado",933,946,982,952,1014,899,990,1006,985,1027,1118,341,0,0,0,0,0
"Hayden","Routt County","Colorado",1837,1810,1634,1444,1720,763,764,767,640,554,455,314,0,0,0,0,0
"Hillrose","Morgan County","Colorado",250,264,254,169,213,121,157,190,177,210,0,0,0,0,0,0,0
"Holly","Prowers County","Colorado",766,802,1048,877,969,993,1108,1236,864,971,940,724,364,0,0,0,0
"Holyoke","Phillips County","Colorado",2263,2313,2261,1931,2092,1640,1555,1558,1150,1226,1205,659,451,649,0,0,0
"Hooper","Alamosa County","Colorado",103,103,123,112,71,80,58,103,170,155,156,131,177,0,0,0,0
"Hot Sulphur Springs","Grand County","Colorado",656,663,521,347,405,220,237,263,235,142,123,182,0,0,100,0,0
"Hotchkiss","Delta County","Colorado",907,944,968,744,849,507,626,715,653,541,572,600,261,0,0,0,0
"Hudson","Weld County","Colorado",2569,2356,1565,918,698,518,430,365,295,346,322,0,0,0,0,0,0
"Hugo","Lincoln County","Colorado",731,730,885,660,776,759,811,943,852,712,838,343,0,0,140,0,0
"Idaho Springs","Clear Creek County","Colorado",1710,1717,1889,1834,2077,2003,1480,1769,2112,1207,1192,2154,2502,1338,733,229,0
"Ignacio","La Plata County","Colorado",721,697,669,720,667,613,609,526,555,464,290,0,0,0,0,0,0
"Iliff","Logan County","Colorado",258,266,213,174,218,193,204,235,322,266,238,0,0,0,0,0,0
"Jamestown","Boulder County","Colorado",262,274,205,251,223,185,107,118,190,69,150,157,164,212,0,0,0
"Johnstown","Weld County","Colorado",13306,9887,3827,1579,1535,1191,976,897,961,767,274,198,0,0,0,0,0
"Julesburg","Sedgwick County","Colorado",1211,1225,1467,1295,1528,1578,1840,1951,1619,1467,1320,962,371,202,0,0,0
"Keenesburg","Weld County","Colorado",1191,1127,855,570,541,427,409,432,284,297,164,0,0,0,0,0,0
"Kersey","Weld County","Colorado",1560,1454,1389,980,913,474,378,304,268,307,319,304,0,0,0,0,0
"Kim","Las Animas County","Colorado",67,74,65,76,100,0,0,0,0,0,0,0,0,0,0,0,0
"Kiowa","Elbert County","Colorado",742,723,581,275,206,235,195,173,195,185,148,0,0,0,0,0,0
"Kit Carson","Cheyenne County","Colorado",235,233,253,305,278,220,356,379,333,0,0,0,0,0,0,0,0
"Kremmling","Grand County","Colorado",1404,1444,1578,1166,1296,764,576,623,567,261,254,141,0,0,0,0,0
"La Jara","Conejos County","Colorado",817,818,877,725,858,768,724,912,897,602,521,448,208,0,0,0,0
"La Junta","Otero County","Colorado",6964,7077,7568,7637,8338,8205,8026,7712,7040,7193,4964,4154,2513,1439,0,0,0
"La Salle","Weld County","Colorado",2047,1955,1849,1783,1929,1227,1070,797,755,564,460,0,0,0,0,0,0
"La Veta","Huerfano County","Colorado",758,800,924,726,611,589,632,701,897,782,737,691,254,361,165,0,0
"Lafayette","Boulder County","Colorado",27081,24453,23197,14548,8985,3498,2612,2090,2052,1842,1815,1892,970,410,0,0,0
"Lake City","Hinsdale County","Colorado",378,408,375,223,206,91,106,141,185,259,317,405,700,607,0,0,0
"Lakeside","Jefferson County","Colorado",8,8,20,11,19,17,28,46,39,49,36,103,0,0,0,0,0
"Lakewood","Jefferson County","Colorado",149643,142980,144126,126481,113808,92743,19338,0,0,0,0,0,0,0,0,0,0
"Lamar","Prowers County","Colorado",7608,7804,8869,8343,7713,7797,7369,6829,4445,4233,2512,2977,987,566,0,0,0
"Larkspur","Douglas County","Colorado",198,183,234,232,141,0,0,0,0,0,0,0,0,0,0,0,0
"Las Animas","Bent County","Colorado",2198,2410,2758,2481,2818,3148,3402,3223,3232,2517,2252,2008,1192,611,52,0,0
"Leadville","Lake County","Colorado",2595,2602,2821,2629,3879,4314,4008,4081,4774,3771,4959,7508,12455,10384,14820,0,0
"Limon","Lincoln County","Colorado",1887,1880,2071,1831,1805,1814,1811,1471,1053,1100,1047,534,0,0,0,0,0
"Littleton","Arapahoe/Douglas County","Colorado",44669,41737,40340,33685,28631,26466,13670,3378,2244,2019,1636,1373,738,0,100,0,0
"Lochbuie","Weld County","Colorado",5302,4726,2049,1168,895,0,0,0,0,0,0,0,0,0,0,0,0
"Log Lane Village","Morgan County","Colorado",872,873,1006,667,709,329,310,0,0,0,0,0,0,0,0,0,0
"Lone Tree","Douglas County","Colorado",13545,10218,4873,0,0,0,0,0,0,0,0,0,0,0,0,0,0
"Longmont","Boulder County","Colorado",90237,86270,71093,51555,42942,23209,11489,8099,7406,6029,5848,4256,2201,1543,773,0,0
"Louisville","Boulder County","Colorado",20112,18376,18937,12361,5593,2409,2073,1978,2023,1681,1799,1706,966,596,450,0,0
"Loveland","Larimer County","Colorado",72651,66859,50608,37352,30215,16220,9734,6773,6145,5506,5065,3651,1091,698,236,0,0
"Lyons","Boulder County","Colorado",2108,2033,1585,1227,1137,958,706,689,654,567,570,632,547,574,0,0,0
"Manassa","Conejos County","Colorado",978,991,1042,988,945,814,831,832,1008,953,906,788,739,642,250,0,0
"Mancos","Montezuma County","Colorado",1377,1336,1119,842,870,709,832,785,748,646,682,567,383,0,0,0,0
"Manitou Springs","El Paso County","Colorado",5314,4992,4980,4535,4475,4278,3626,2580,1462,1205,1129,1357,1303,1439,422,0,0
"Manzanola","Otero County","Colorado",425,434,525,437,459,451,562,543,531,578,562,428,0,0,0,0,0
"Marble","Gunnison County","Colorado",131,131,105,64,30,13,5,8,240,217,81,782,101,0,0,0,0
"Mead","Weld County","Colorado",4104,3405,2017,456,356,195,192,186,191,152,145,114,0,0,0,0,0
"Meeker","Rio Blanco County","Colorado",2429,2475,2242,2098,2356,1597,1655,1658,1399,1069,935,807,507,260,0,0,0
"Merino","Logan County","Colorado",282,284,246,238,255,260,268,209,259,230,263,0,0,0,0,0,0
"Milliken","Weld County","Colorado",6091,5610,2888,1605,1506,702,630,510,531,483,372,0,0,0,0,0,0
"Minturn","Eagle County","Colorado",1035,1027,1068,1066,1060,706,662,509,596,400,298,241,0,0,0,0,0
"Moffat","Saguache County","Colorado",116,116,114,99,105,98,104,109,149,0,0,0,0,0,0,0,0
"Monte Vista","Rio Grande County","Colorado",4311,4444,4529,4324,3902,3909,3385,3272,3208,2610,2484,2544,556,780,0,0,0
"Montezuma","Summit County","Colorado",67,65,42,60,0,0,17,48,59,38,69,134,40,0,0,0,0
"Montrose","Montrose County","Colorado",19045,19132,12344,8854,8722,6496,5044,4964,4764,3566,3581,3254,1217,1330,0,0,0
"Monument","El Paso County","Colorado",6391,5530,1971,1020,690,393,204,126,175,192,192,149,156,177,125,0,0
"Morrison","Jefferson County","Colorado",431,428,430,465,478,439,426,306,216,177,195,251,0,254,186,0,0
"Mount Crested Butte","Gunnison County","Colorado",809,801,707,264,272,0,0,0,0,0,0,0,0,0,0,0,0
"Mountain View","Jefferson County","Colorado",522,507,569,550,584,706,826,878,711,664,372,390,0,0,0,0,0
"Mountain Village","San Miguel County","Colorado",1387,1320,978,0,0,0,0,0,0,0,0,0,0,0,0,0,0
"Naturita","Montrose County","Colorado",530,546,635,434,819,820,979,0,0,0,0,0,0,0,0,0,0
"Nederland","Boulder County","Colorado",1504,1445,1394,1099,1212,492,272,266,384,285,291,446,0,0,279,0,0
"New Castle","Garfield County","Colorado",4608,4518,1984,679,563,499,447,483,484,470,447,493,431,311,0,0,0
"Northglenn","Adams/Weld County","Colorado",38596,35789,31575,27195,29847,27785,0,0,0,0,0,0,0,0,0,0,0
"Norwood","San Miguel County","Colorado",554,518,438,429,478,408,443,294,412,299,365,212,0,0,0,0,0
"Nucla","Montrose County","Colorado",704,711,734,656,1027,949,906,457,361,221,217,0,0,0,0,0,0
"Nunn","Weld County","Colorado",440,416,471,324,295,269,228,182,190,196,149,143,0,0,0,0,0
"Oak Creek","Routt County","Colorado",892,884,849,673,929,492,666,1488,1769,1211,967,222,0,0,0,0,0
"Olathe","Montrose County","Colorado",1804,1849,1573,1263,1262,756,773,810,705,593,491,458,0,0,0,0,0
"Olney Springs","Crowley County","Colorado",334,345,389,340,253,264,263,279,260,228,240,0,0,0,0,0,0
"Ophir","San Miguel County","Colorado",167,159,113,69,38,6,0,2,2,0,0,124,127,113,130,0,0
"Orchard","Delta County","Colorado",3025,3119,2880,2218,1914,1163,1021,956,865,0,531,0,0,0,0,0,0
"Ordway","Crowley County","Colorado",1059,1080,1248,1025,1135,1017,1254,1290,1150,1139,1186,705,138,0,0,0,0
"Otis","Washington County","Colorado",468,475,534,451,534,521,568,532,498,529,467,0,0,0,0,0,0
"Ouray","Ouray County","Colorado",1021,1000,813,644,684,741,785,1089,951,707,1165,1644,2196,2534,864,0,0
"Ovid","Sedgwick County","Colorado",308,318,330,349,439,463,571,664,687,649,0,0,0,0,0,0,0
"Pagosa Springs","Archuleta County","Colorado",1743,1727,1591,1207,1331,1360,1374,1379,1591,804,1032,669,367,0,223,0,0
"Palisade","Mesa County","Colorado",2645,2692,2579,1871,1551,874,860,861,855,851,855,900,0,0,0,0,0
"Palmer Lake","El Paso County","Colorado",2579,2420,2179,1480,1130,947,542,263,269,244,160,163,166,0,0,0,0
"Paoli","Phillips County","Colorado",33,34,42,29,81,52,81,91,85,0,0,0,0,0,0,0,0
"Paonia","Delta County","Colorado",1413,1451,1497,1403,1425,1161,1083,1257,1117,958,925,1007,0,0,0,0,0
"Parachute","Garfield County","Colorado",1098,1085,1006,658,338,270,245,296,230,209,228,268,0,0,0,0,0
"Parker","Douglas County","Colorado",49857,45297,23558,5450,0,0,0,0,0,0,0,0,0,0,0,0,0
"Peetz","Logan County","Colorado",237,238,227,179,220,186,218,232,207,244,322,0,0,0,0,0,0
"Pierce","Weld County","Colorado",871,834,884,823,878,452,424,372,343,281,327,0,0,0,0,0,0
"Pitkin","Gunnison County","Colorado",67,66,124,53,59,44,94,152,156,228,165,250,203,371,1891,0,0
"Platteville","Weld County","Colorado",2608,2485,2370,1515,1662,683,582,570,561,533,479,430,263,213,0,0,0
"Poncha Springs","Chaffee County","Colorado",764,737,466,244,321,198,201,114,94,80,37,43,97,101,170,0,0
"Pritchett","Baca County","Colorado",136,140,137,153,183,170,247,286,495,451,0,0,0,0,0,0,0
"Pueblo","Pueblo County","Colorado",108423,106595,102121,98640,101686,97774,91181,63685,52162,50096,43050,41747,28157,24558,3217,666,0
"Ramah","El Paso County","Colorado",127,123,117,94,119,101,109,142,186,171,0,0,0,0,0,0,0
"Rangely","Rio Blanco County","Colorado",2430,2365,2096,2278,2113,1591,1464,808,0,0,0,0,0,0,0,0,0
"Raymer","Weld County","Colorado",102,96,91,98,80,68,91,130,169,254,267,0,0,0,0,0,0
"Red Cliff","Eagle County","Colorado",270,267,289,297,409,621,586,556,715,544,347,383,256,383,0,0,0
"Rico","Dolores County","Colorado",256,265,205,92,76,275,353,212,388,447,326,368,811,1134,894,0,0
"Ridgway","Ouray County","Colorado",953,924,713,423,369,262,254,209,354,239,400,376,245,0,0,0,0
"Rifle","Garfield County","Colorado",9488,9172,6784,4636,3215,2150,2135,1525,1373,1287,865,698,273,0,0,0,0
"Rockvale","Fremont County","Colorado",498,487,426,321,338,359,413,380,575,710,1249,1413,870,0,0,0,0
"Rocky Ford","Otero County","Colorado",3873,3957,4286,4162,4804,4859,4929,4087,3493,3426,3746,3230,2018,468,47,0,0
"Romeo","Conejos County","Colorado",394,404,375,341,308,352,339,404,392,188,0,0,0,0,0,0,0
"Rye","Pueblo County","Colorado",154,153,202,168,232,207,179,166,163,0,0,0,0,0,0,0,0
"Saguache","Saguache County","Colorado",480,485,578,584,656,642,722,1024,1219,1010,948,620,389,660,325,0,0
"Salida","Chaffee County","Colorado",5406,5236,5504,4737,4870,4355,4560,4553,4969,5065,4689,4425,3722,2586,0,0,0
"San Luis","Costilla County","Colorado",622,629,739,800,842,781,0,0,0,0,0,0,0,0,0,0,0
"Sanford","Conejos County","Colorado",870,879,817,750,687,638,679,666,736,597,555,564,0,0,0,0,0
"Sawpit","San Miguel County","Colorado",42,40,25,36,41,26,30,0,0,0,0,121,94,0,0,0,0
"Sedgwick","Sedgwick County","Colorado",145,146,191,183,258,208,299,332,373,444,380,0,0,0,0,0,0
"Seibert","Kit Carson County","Colorado",218,181,180,181,180,192,210,346,249,273,311,0,0,0,0,0,0
"Severance","Weld County","Colorado",3525,3165,597,106,102,59,70,108,138,0,0,0,0,0,0,0,0
"Sheridan","Arapahoe County","Colorado",5949,5664,5600,4976,5377,4787,3559,1715,712,587,455,498,442,0,0,0,0
"Sheridan Lake","Kiowa County","Colorado",88,88,66,95,87,86,90,0,0,0,0,0,0,0,0,0,0
"Silt","Garfield County","Colorado",3007,2930,1740,1095,923,434,384,361,359,264,165,0,0,0,0,0,0
"Silver Cliff","Custer County","Colorado",584,587,512,322,280,126,153,217,309,201,241,250,576,546,5040,0,0
"Silver Plume","Clear Creek County","Colorado",172,170,203,134,140,164,86,136,139,126,272,460,775,908,0,0,0
"Silverthorne","Summit County","Colorado",4271,3887,3196,1768,989,400,0,0,0,0,0,0,0,0,0,0,0
"Silverton","San Juan County","Colorado",655,637,531,716,794,797,822,1375,1127,1301,1150,2153,1360,0,0,0,0
"Simla","Elbert County","Colorado",627,618,663,481,494,460,450,424,421,351,387,0,0,0,0,0,0
"Snowmass Village","Pitkin County","Colorado",2898,2826,1822,1449,999,0,0,0,0,0,0,0,0,0,0,0,0
"South Fork","Rio Grande County","Colorado",364,386,604,0,0,0,0,0,0,0,0,0,0,0,0,0,0
"Springfield","Baca County","Colorado",1405,1451,1562,1475,1657,1660,1791,2041,1082,1393,295,0,0,0,0,0,0
"Starkville","Las Animas County","Colorado",53,59,128,104,127,166,261,0,0,0,0,0,0,928,0,0,0
"Steamboat Springs","Routt County","Colorado",12260,12088,9815,6695,5098,2340,1843,1913,1613,1198,1249,1227,0,0,0,0,0
"Sterling","Logan County","Colorado",14629,14777,11360,10362,11385,10636,10751,7534,7411,7195,6415,3044,998,540,0,0,0
"Stratton","Kit Carson County","Colorado",663,658,669,649,705,790,680,720,623,507,421,0,0,0,0,0,0
"Sugar","Crowley County","Colorado",253,258,279,252,306,307,409,527,565,598,836,808,689,0,0,0,0
"Superior","Boulder County","Colorado",12855,12483,9011,255,208,171,173,134,205,160,233,349,0,0,0,0,0
"Swink","Otero County","Colorado",602,617,696,584,668,381,348,336,374,418,465,310,0,0,0,0,0
"Telluride","San Miguel County","Colorado",2369,2325,2221,1309,1047,553,677,1101,1337,512,1618,1756,2446,766,0,0,0
"Thornton","Adams County","Colorado",130307,118772,82384,55031,42054,13326,11353,0,0,0,0,0,0,0,0,0,0
"Timnath","Larimer County","Colorado",1983,625,223,190,185,177,150,177,147,169,0,0,0,0,0,0,0
"Trinidad","Las Animas County","Colorado",8193,9096,9078,8580,9663,9901,10691,12204,13223,11732,10906,10204,5345,5523,2226,562,0
"Two Buttes","Baca County","Colorado",42,43,67,63,84,138,111,121,158,158,93,0,0,0,0,0,0
"Vail","Eagle County","Colorado",5328,5305,4531,3659,2261,484,0,0,0,0,0,0,0,0,0,0,0
"Victor","Teller County","Colorado",400,397,445,258,265,258,434,684,1784,1291,1777,3162,4986,0,0,0,0
"Vilas","Baca County","Colorado",110,114,110,105,118,83,107,132,129,0,0,0,0,0,0,0,0
"Vona","Kit Carson County","Colorado",107,106,95,104,94,114,130,209,226,183,268,0,0,0,0,0,0
"Walden","Jackson County","Colorado",601,608,734,890,947,907,809,696,668,284,260,162,141,64,0,0,0
"Walsenburg","Huerfano County","Colorado",2896,3068,4182,3300,3945,4329,5071,5596,5855,5503,3565,2423,1033,928,377,0,0
"Walsh","Baca County","Colorado",524,546,723,692,884,989,856,897,406,454,0,0,0,0,0,0,0
"Ward","Boulder County","Colorado",154,150,169,159,129,32,9,10,118,34,74,129,300,424,0,0,0
"Wellington","Larimer County","Colorado",7185,6289,2672,1340,1215,691,532,541,465,533,439,459,0,0,0,0,0
"Westcliffe","Custer County","Colorado",572,568,417,312,324,243,306,390,429,335,338,232,256,192,0,0,0
"Westminster","Adams/Jefferson County","Colorado",112090,106114,100940,74625,50211,19512,13850,1686,534,436,235,0,0,0,0,0,0
"Wheat Ridge","Jefferson County","Colorado",31034,30166,32913,29419,30293,29778,21619,0,0,0,0,0,0,0,0,0,0
"Wiggins","Morgan County","Colorado",895,893,838,499,531,0,0,0,0,0,0,0,0,0,0,0,0
"Wiley","Prowers County","Colorado",387,405,483,406,425,357,383,417,413,589,565,197,0,0,0,0,0
"Williamsburg","Fremont County","Colorado",653,662,714,253,72,75,57,65,97,155,402,556,337,0,0,0,0
"Windsor","Weld County","Colorado",21106,18644,9896,5062,4277,1564,1509,1548,1811,1852,1290,935,305,173,0,0,0
"Winter Park","Grand County","Colorado",955,999,662,528,480,0,0,0,0,0,0,0,0,0,0,0,0
"Woodland Park","Teller County","Colorado",7194,7200,6515,4610,2634,1022,666,391,372,194,125,163,269,0,0,0,0
"Wray","Yuma County","Colorado",2400,2342,2187,1998,2131,1953,2082,2198,2061,1785,1538,1000,271,125,0,0,0
"Yampa","Routt County","Colorado",436,429,443,317,472,286,312,421,426,310,200,332,0,0,0,0,0
"Yuma","Yuma County","Colorado",3606,3524,3285,2719,2824,2259,1919,1908,1606,1360,1177,333,139,241,0,0,0
