"Geography","County","State",2014,2010,2000,1990,1980,1970,1960,1950,1940,1930,1920,1910,1900,1890,1880,1870,1860,1850,1840,1830,1820,1810
"Abbeville","Vermilion Parish","Louisiana",12446,12257,11887,11187,12391,10996,10414,9338,6672,4356,3461,2907,1536,637,255,545,0,0,0,0,0,0
"Abita Springs","St. Tammany Parish","Louisiana",2479,2365,1957,1296,1072,839,655,559,528,471,388,365,0,0,0,0,0,0,0,0,0,0
"Addis","West Baton Rouge Parish","Louisiana",4431,3593,2238,1222,1320,724,590,505,492,425,473,0,0,0,0,0,0,0,0,0,0,0
"Albany","Livingston Parish","Louisiana",1098,1088,865,645,857,700,557,0,0,0,0,0,0,0,0,0,0,0,0,0,0,0
"Alexandria","Rapides Parish","Louisiana",48175,47723,46342,49188,51648,41811,40279,34913,27066,23025,17510,11213,5648,2861,1800,1218,1461,672,814,0,0,0
"Amite City","Tangipahoa Parish","Louisiana",4327,4141,4110,4236,4301,3593,3316,2804,2499,2536,1854,1677,1547,1510,1120,910,0,0,0,0,0,0
"Anacoco","Vernon Parish","Louisiana",867,869,866,823,820,0,0,0,0,0,0,0,0,0,0,0,0,0,0,0,0,0
"Angie","Washington Parish","Louisiana",243,251,240,235,311,317,254,230,187,207,230,346,0,0,0,0,0,0,0,0,0,0
"Arcadia","Bienville Parish","Louisiana",2883,2919,3041,3079,3403,2970,2547,2241,1601,1809,1240,1079,924,862,0,0,0,0,0,0,0,0
"Arnaudville","St. Landry/St. Martin Parish","Louisiana",1067,1057,1398,1444,1679,1673,1184,872,640,483,408,279,327,0,140,0,0,0,0,0,0,0
"Ashland","Natchitoches Parish","Louisiana",264,269,291,289,307,211,0,0,0,0,0,0,0,0,0,0,0,0,0,0,0,0
"Athens","Claiborne Parish","Louisiana",235,249,262,278,419,387,406,487,491,461,493,514,0,0,0,0,0,0,0,0,0,0
"Atlanta","Winn Parish","Louisiana",156,163,150,118,127,197,0,0,0,0,0,311,0,0,0,0,0,0,0,0,0,0
"Baker","East Baton Rouge Parish","Louisiana",13776,13895,13793,13233,12865,8281,4823,762,0,0,0,0,0,0,0,0,0,0,0,0,0,0
"Baldwin","St. Mary Parish","Louisiana",2361,2436,2497,2379,2644,2117,1548,1138,984,822,964,0,0,0,0,0,0,0,0,0,0,0
"Ball","Rapides Parish","Louisiana",4010,4000,3681,3305,3405,0,0,0,0,0,0,0,0,0,0,0,0,0,0,0,0,0
"Basile","Evangeline Parish","Louisiana",1811,1821,1660,1808,2635,1779,1932,1572,1132,403,552,0,0,0,0,0,0,0,0,0,0,0
"Baskin","Franklin Parish","Louisiana",248,254,188,243,286,177,238,117,330,416,654,0,0,0,0,0,0,0,0,0,0,0
"Bastrop","Morehouse Parish","Louisiana",10881,11365,12988,13916,15527,14713,15193,12769,6626,5121,1216,854,787,0,822,521,481,0,0,0,0,0
"Baton Rouge","East Baton Rouge Parish","Louisiana",228895,229493,227818,219531,220394,165921,152419,125629,34719,30729,21782,14897,11269,10478,7197,6498,5428,3905,2269,0,0,469
"Belcher","Caddo Parish","Louisiana",259,263,272,249,436,482,0,0,0,0,0,0,0,0,0,0,0,0,0,0,0,0
"Benton","Bossier Parish","Louisiana",2043,1948,2035,2047,1864,1493,1336,741,519,402,0,0,0,0,0,0,0,0,0,0,0,0
"Bernice","Union Parish","Louisiana",1654,1689,1809,1543,1956,1794,1641,1524,1071,965,862,781,0,0,0,0,0,0,0,0,0,0
"Berwick","St. Mary Parish","Louisiana",4810,4946,4418,4375,4466,4168,3880,2619,1906,1679,1691,2183,713,769,796,0,0,0,0,0,0,0
"Bienville","Bienville Parish","Louisiana",211,218,262,316,249,287,305,445,357,381,478,606,263,0,0,0,0,0,0,0,0,0
"Blanchard","Caddo Parish","Louisiana",2910,2899,2050,1175,1128,806,0,0,0,0,0,0,0,0,0,0,0,0,0,0,0,0
"Bogalusa","Washington Parish","Louisiana",11926,12232,13365,14280,16976,18412,21423,17798,14604,14029,8245,0,0,0,0,0,0,0,0,0,0,0
"Bonita","Morehouse Parish","Louisiana",269,284,335,265,503,533,574,504,422,507,310,273,0,0,0,0,0,0,0,0,0,0
"Bossier City","Bossier Parish","Louisiana",67472,61315,56461,52721,50817,43769,32776,15470,5786,4003,1094,775,0,202,0,0,0,0,0,0,0,0
"Boyce","Rapides Parish","Louisiana",986,1004,1190,1361,1198,1240,1094,981,732,820,1060,865,832,301,0,0,0,0,0,0,0,0
"Breaux Bridge","St. Martin Parish","Louisiana",8327,8139,7281,6515,5922,4942,3303,2492,1668,1399,1171,1339,654,654,443,0,0,0,0,0,0,0
"Broussard","Lafayette Parish","Louisiana",10356,8197,5874,3213,2923,1707,1600,1237,791,806,602,499,290,0,0,0,0,0,0,0,0,0
"Brusly","West Baton Rouge Parish","Louisiana",2706,2589,2020,1824,1762,1282,544,493,433,345,400,390,0,315,216,0,0,0,0,0,0,0
"Bryceland","Bienville Parish","Louisiana",104,108,114,103,122,65,89,123,139,176,243,0,0,0,0,0,0,0,0,0,0,0
"Bunkie","Avoyelles Parish","Louisiana",4071,4171,4662,5044,5364,5395,5188,4666,3575,2464,1743,1765,873,299,0,0,0,0,0,0,0,0
"Calvin","Winn Parish","Louisiana",228,238,236,207,263,286,232,0,0,0,0,0,0,0,0,0,0,0,0,0,0,0
"Campti","Natchitoches Parish","Louisiana",1042,1056,1057,929,1069,1078,1045,1014,1004,999,670,664,0,310,101,0,0,0,0,0,0,0
"Cankton","St. Landry Parish","Louisiana",490,484,362,323,303,260,0,0,0,0,0,0,0,0,0,0,0,0,0,0,0,0
"Carencro","Lafayette Parish","Louisiana",8453,7526,6120,5429,3712,2302,1519,1587,914,684,630,609,445,289,0,0,0,0,0,0,0,0
"Castor","Bienville Parish","Louisiana",249,258,209,196,195,183,142,171,244,256,0,0,0,0,0,0,0,0,0,0,0,0
"Central","East Baton Rouge Parish","Louisiana",28119,26864,0,0,0,0,0,0,0,0,0,0,0,0,0,0,0,0,0,0,0,0
"Chataignier","Evangeline Parish","Louisiana",360,364,383,281,431,0,0,0,0,0,0,0,0,0,0,0,0,0,0,0,0,0
"Chatham","Jackson Parish","Louisiana",549,557,623,617,714,827,758,833,605,391,186,181,0,0,0,0,0,0,0,0,0,0
"Cheneyville","Rapides Parish","Louisiana",612,625,901,1005,865,1082,1037,918,913,835,678,498,0,0,0,0,0,0,0,0,0,0
"Choudrant","Lincoln Parish","Louisiana",933,845,582,557,809,555,465,395,438,394,393,0,0,0,0,0,0,0,0,0,0,0
"Church Point","Acadia Parish","Louisiana",4536,4560,4756,4677,4599,3865,3606,2897,1892,1037,557,481,278,0,0,0,0,0,0,0,0,0
"Clarence","Natchitoches Parish","Louisiana",489,499,516,577,612,448,286,0,0,0,0,0,0,0,0,0,0,0,0,0,0,0
"Clarks","Caldwell Parish","Louisiana",1000,1017,1071,650,931,889,940,0,0,0,0,0,0,0,0,0,0,0,0,0,0,0
"Clayton","Concordia Parish","Louisiana",697,711,858,917,1204,1103,882,657,0,0,0,0,0,0,0,0,0,0,0,0,0,0
"Clinton","East Feliciana Parish","Louisiana",1589,1653,1998,1904,1919,1884,1568,1383,998,702,701,918,960,974,112,930,0,1252,554,0,0,0
"Colfax","Grant Parish","Louisiana",1532,1558,1659,1696,1680,1892,1934,1651,1354,1141,1449,1049,190,161,0,40,0,0,0,0,0,0
"Collinston","Morehouse Parish","Louisiana",272,287,327,375,439,397,497,546,482,473,354,333,0,0,0,0,0,0,0,0,0,0
"Columbia","Caldwell Parish","Louisiana",379,390,477,386,687,1000,1021,920,840,760,434,500,382,352,210,235,0,0,0,0,0,0
"Converse","Sabine Parish","Louisiana",440,440,400,436,449,375,291,311,314,291,0,0,0,0,0,0,0,0,0,0,0,0
"Cotton Valley","Webster Parish","Louisiana",980,1009,1189,1130,1445,1261,1145,1188,0,1133,0,0,0,0,0,0,0,0,0,0,0,0
"Cottonport","Avoyelles Parish","Louisiana",1956,2006,2316,2600,1911,1862,1581,1534,1196,1015,720,866,505,0,0,0,0,0,0,0,0,0
"Coushatta","Red River Parish","Louisiana",1869,1964,2299,1845,2084,1492,1663,1788,1289,959,962,564,600,619,488,0,0,0,0,0,0,0
"Covington","St. Tammany Parish","Louisiana",9686,8765,8483,7691,7892,7170,6754,5113,4123,3208,2942,2601,1205,976,567,585,0,0,0,0,0,0
"Creola","Grant Parish","Louisiana",210,213,0,0,0,0,0,0,0,0,0,0,0,0,0,0,0,0,0,0,0,0
"Crowley","Acadia Parish","Louisiana",13189,13265,14225,13983,16036,16104,15617,12784,9523,7656,6108,5099,4214,420,0,0,0,0,0,0,0,0
"Cullen","Webster Parish","Louisiana",1134,1163,1296,1642,1869,1956,2194,0,0,0,0,0,0,0,0,0,0,0,0,0,0,0
"Delcambre","Iberia/Vermilion Parish","Louisiana",1859,1866,2168,1978,2216,1975,1857,1463,1255,640,443,308,0,0,0,0,0,0,0,0,0,0
"Delhi","Richland Parish","Louisiana",2941,2919,3066,3169,3290,2887,2514,1861,1192,1043,980,685,507,620,315,186,0,0,0,0,0,0
"Delta","Madison Parish","Louisiana",270,284,239,234,295,153,111,150,183,0,0,0,0,320,399,0,0,0,0,0,0,0
"Denham Springs","Livingston Parish","Louisiana",10097,10215,8757,8381,8563,6752,5991,2053,1233,1002,500,574,0,0,0,0,0,0,0,0,0,0
"DeQuincy","Calcasieu Parish","Louisiana",3174,3235,3398,3474,3966,3448,3928,3837,3252,3589,1823,715,0,0,0,0,0,0,0,0,0,0
"DeRidder","Beauregard/Vernon Parish","Louisiana",10799,10578,9808,9868,10337,8030,7188,5799,3750,3747,3535,2100,0,0,0,0,0,0,0,0,0,0
"Dixie Inn","Webster Parish","Louisiana",266,273,352,347,453,456,399,0,0,0,0,0,0,0,0,0,0,0,0,0,0,0
"Dodson","Winn Parish","Louisiana",323,337,357,350,469,457,512,375,442,436,410,845,0,0,0,0,0,0,0,0,0,0
"Donaldsonville","Ascension Parish","Louisiana",7635,7436,7605,7949,7901,7367,6082,4150,3889,3788,3745,4090,4105,3121,2600,1573,1475,0,0,0,0,0
"Downsville","Lincoln/Union Parish","Louisiana",139,141,118,101,213,0,0,0,0,0,0,0,0,0,0,0,0,0,0,0,0,0
"Doyline","Webster Parish","Louisiana",800,818,841,884,801,716,1061,1170,0,0,0,0,0,0,0,0,0,0,0,0,0,0
"Dry Prong","Grant Parish","Louisiana",439,436,421,380,526,352,360,377,0,0,0,0,0,0,0,0,0,0,0,0,0,0
"Dubach","Lincoln Parish","Louisiana",977,961,800,843,1161,1096,1013,703,749,608,726,714,0,0,0,0,0,0,0,0,0,0
"Dubberly","Webster Parish","Louisiana",266,273,290,253,421,212,249,0,0,0,0,0,0,0,0,0,0,0,0,0,0,0
"Duson","Acadia/Lafayette Parish","Louisiana",1774,1716,1672,1465,1253,1199,1033,707,463,396,192,120,0,0,0,0,0,0,0,0,0,0
"East Hodge","Jackson Parish","Louisiana",281,289,366,421,439,363,0,0,0,0,0,0,0,0,0,0,0,0,0,0,0,0
"Edgefield","Red River Parish","Louisiana",207,218,190,207,312,201,0,0,0,0,0,0,0,0,0,0,0,0,0,0,0,0
"Elizabeth","Allen Parish","Louisiana",555,532,574,414,454,504,0,0,0,0,0,0,0,0,0,0,0,0,0,0,0,0
"Elton","Jefferson Davis Parish","Louisiana",1129,1128,1261,1277,1450,1598,1595,1434,901,742,995,0,0,0,0,0,0,0,0,0,0,0
"Epps","West Carroll Parish","Louisiana",848,854,1153,541,672,448,411,308,391,0,0,0,0,0,0,0,0,0,0,0,0,0
"Erath","Vermilion Parish","Louisiana",2110,2114,2187,2428,2259,2024,2019,1514,1408,895,713,575,215,0,0,0,0,0,0,0,0,0
"Eros","Jackson Parish","Louisiana",151,155,202,177,158,164,176,195,289,203,1184,898,0,0,0,0,0,0,0,0,0,0
"Estherwood","Acadia Parish","Louisiana",939,889,807,745,691,661,639,547,539,572,571,544,0,0,0,0,0,0,0,0,0,0
"Eunice","Acadia/St. Landry Parish","Louisiana",10330,10398,11499,11162,12479,11390,11326,8184,5242,3597,3272,1684,316,0,0,0,0,0,0,0,0,0
"Evergreen","Avoyelles Parish","Louisiana",302,310,314,283,272,307,325,382,384,298,262,299,322,0,297,0,0,0,0,0,0,0
"Farmerville","Union Parish","Louisiana",3881,3860,3808,3334,3768,3416,2727,2173,1428,1137,632,598,458,472,712,272,0,0,0,0,0,0
"Fenton","Jefferson Davis Parish","Louisiana",374,379,380,265,491,404,429,0,0,0,0,0,0,0,0,0,0,0,0,0,0,0
"Ferriday","Concordia Parish","Louisiana",3440,3511,3723,4111,4472,5239,4563,3847,2857,2502,1044,577,0,0,0,0,0,0,0,0,0,0
"Fisher","Sabine Parish","Louisiana",228,230,268,277,325,0,0,0,0,0,0,0,0,0,0,0,0,0,0,0,0,0
"Florien","Sabine Parish","Louisiana",630,633,692,626,964,639,496,0,0,0,0,0,0,0,0,0,0,0,0,0,0,0
"Folsom","St. Tammany Parish","Louisiana",755,716,525,469,319,249,225,166,0,0,0,0,0,0,0,0,0,0,0,0,0,0
"Fordoche","Pointe Coupee Parish","Louisiana",910,928,933,869,676,488,0,0,0,0,0,0,0,0,0,0,0,0,0,0,0,0
"Forest","West Carroll Parish","Louisiana",350,355,275,263,299,221,0,0,0,0,0,0,0,0,0,0,0,0,0,0,0,0
"Forest Hill","Rapides Parish","Louisiana",801,818,456,408,494,370,302,365,302,304,0,0,0,0,0,0,0,0,0,0,0,0
"Franklin","St. Mary Parish","Louisiana",7368,7660,8354,9004,9584,9325,8673,6144,4274,3271,3504,3857,2692,2127,1702,1265,0,891,0,0,0,0
"Franklinton","Washington Parish","Louisiana",3776,3857,3657,4007,4119,3562,3141,2342,1579,963,964,814,236,97,0,121,143,0,0,0,0,0
"French Settlement","Livingston Parish","Louisiana",1112,1116,945,829,761,670,0,0,0,0,0,0,0,0,0,0,0,0,0,0,0,0
"Georgetown","Grant Parish","Louisiana",327,327,301,273,381,306,321,355,0,0,0,0,0,0,0,0,0,0,0,0,0,0
"Gibsland","Bienville Parish","Louisiana",953,979,1119,1224,1354,1380,1150,1085,1023,1090,798,1065,558,0,0,0,0,0,0,0,0,0
"Gilbert","Franklin Parish","Louisiana",568,521,561,704,800,746,472,452,428,496,442,0,0,0,0,0,0,0,0,0,0,0
"Gilliam","Caddo Parish","Louisiana",161,164,178,202,244,211,0,0,0,0,0,0,0,0,0,0,0,0,0,0,0,0
"Glenmora","Rapides Parish","Louisiana",1328,1342,1558,1686,1479,1651,1447,1556,1452,1876,2298,0,0,0,0,0,0,0,0,0,0,0
"Golden Meadow","Lafourche Parish","Louisiana",2076,2101,2193,2049,2282,2681,3097,0,0,0,0,0,0,0,0,0,0,0,0,0,0,0
"Goldonna","Natchitoches Parish","Louisiana",425,430,457,417,526,337,292,364,256,260,0,0,0,0,0,0,0,0,0,0,0,0
"Gonzales","Ascension Parish","Louisiana",10457,9781,8156,7003,7287,4512,3252,1642,857,462,0,0,0,0,0,0,0,0,0,0,0,0
"Grambling","Lincoln Parish","Louisiana",5124,4949,4693,5484,4226,4407,3144,0,0,0,0,0,0,0,0,0,0,0,0,0,0,0
"Gramercy","St. James Parish","Louisiana",3466,3613,3066,2412,3211,2567,2094,1184,0,0,0,0,0,0,0,0,0,0,0,0,0,0
"Grand Cane","De Soto Parish","Louisiana",244,242,191,233,252,284,322,286,377,393,378,485,385,351,0,0,0,0,0,0,0,0
"Grand Coteau","St. Landry Parish","Louisiana",935,947,1040,1118,1165,1301,1165,1103,662,580,470,392,521,333,302,470,0,0,0,0,0,0
"Grand Isle","Jefferson Parish","Louisiana",1382,1296,1541,1455,1982,2236,2074,0,0,0,0,0,0,0,0,0,0,0,0,0,0,0
"Grayson","Caldwell Parish","Louisiana",518,532,531,529,564,516,428,455,407,435,337,0,0,0,0,0,0,0,0,0,0,0
"Greensburg","St. Helena Parish","Louisiana",688,718,631,583,662,652,512,423,389,262,286,268,315,280,297,160,0,0,0,0,0,0
"Greenwood","Caddo Parish","Louisiana",3201,3219,2458,2092,1043,212,0,0,0,0,0,0,0,0,0,0,0,0,0,0,0,0
"Gretna","Jefferson Parish","Louisiana",17845,17736,17423,17208,20615,24875,21967,13813,10879,9584,7197,0,0,3332,2396,0,0,717,0,0,0,0
"Grosse Tete","Iberville Parish","Louisiana",641,647,670,541,749,710,768,548,382,303,0,0,0,0,0,0,0,0,0,0,0,0
"Gueydan","Vermilion Parish","Louisiana",1400,1398,1598,1611,1695,1984,2156,2041,1506,1313,1233,1081,376,0,0,0,0,0,0,0,0,0
"Hall Summit","Red River Parish","Louisiana",286,300,264,227,276,190,0,0,0,0,0,0,0,0,0,0,0,0,0,0,0,0
"Hammond","Tangipahoa Parish","Louisiana",20363,20019,17639,15871,15226,12487,10563,8010,6033,6072,3855,2942,1511,692,277,0,0,0,0,0,0,0
"Harahan","Jefferson Parish","Louisiana",9334,9277,9885,9927,11384,13037,9275,3394,1082,892,0,0,0,0,0,0,0,0,0,0,0,0
"Harrisonburg","Catahoula Parish","Louisiana",338,348,746,453,610,626,594,544,422,437,399,361,303,359,243,217,0,326,0,0,0,0
"Haughton","Bossier Parish","Louisiana",3400,3454,2792,1664,1510,885,611,501,409,0,0,249,194,305,0,0,0,0,0,0,0,0
"Haynesville","Claiborne Parish","Louisiana",2194,2327,2679,2854,3454,3055,3031,3040,2418,2541,903,663,0,0,123,0,0,0,0,0,0,0
"Heflin","Webster Parish","Louisiana",234,244,245,253,279,314,289,0,0,0,0,0,0,0,0,0,0,0,0,0,0,0
"Henderson","St. Martin Parish","Louisiana",1722,1674,1531,1543,1560,0,0,0,0,0,0,0,0,0,0,0,0,0,0,0,0,0
"Hessmer","Avoyelles Parish","Louisiana",781,802,642,578,743,454,433,0,0,0,0,0,0,0,0,0,0,0,0,0,0,0
"Hodge","Jackson Parish","Louisiana",457,470,492,562,708,818,878,1386,1445,1367,0,0,0,0,0,0,0,0,0,0,0,0
"Homer","Claiborne Parish","Louisiana",3036,3237,3788,4152,4307,4483,4665,4749,3497,2909,3305,1855,1157,1132,718,80,1451,418,0,0,0,0
"Hornbeck","Vernon Parish","Louisiana",477,480,435,427,470,525,374,524,481,491,350,459,0,0,0,0,0,0,0,0,0,0
"Hosston","Caddo Parish","Louisiana",311,318,387,417,480,428,0,0,0,0,0,0,0,0,0,0,0,0,0,0,0,0
"Houma","Terrebonne Parish","Louisiana",34124,33727,32393,30495,32602,30922,22561,11505,9052,6531,5160,5024,3212,1280,1084,593,429,0,0,0,0,0
"Ida","Caddo Parish","Louisiana",217,221,258,250,306,370,0,0,0,0,0,0,0,0,0,0,0,0,0,0,0,0
"Independence","Tangipahoa Parish","Louisiana",1687,1665,1724,1632,1684,1770,1941,1606,1498,1700,1032,1004,0,0,68,0,0,0,0,0,0,0
"Iota","Acadia Parish","Louisiana",1485,1500,1376,1256,1326,1271,1245,1162,1000,827,802,769,0,0,0,0,0,0,0,0,0,0
"Iowa","Calcasieu Parish","Louisiana",3174,2996,2663,2588,2437,1944,1857,0,0,0,0,0,0,0,0,0,0,0,0,0,0,0
"Jackson","East Feliciana Parish","Louisiana",3800,3842,4130,3891,3878,4697,1824,1144,940,3966,2320,2146,2012,1276,880,934,0,0,932,0,0,0
"Jamestown","Bienville Parish","Louisiana",134,139,149,148,131,153,0,0,0,0,0,0,0,0,0,0,0,0,0,0,0,0
"Jean Lafitte","Jefferson Parish","Louisiana",1956,1903,2137,1469,936,0,0,0,0,0,0,0,0,0,0,0,0,0,0,0,0,0
"Jeanerette","Iberia Parish","Louisiana",5530,5530,5997,6205,6511,6322,5568,4692,3362,2228,2512,2206,1905,1309,698,0,0,0,0,0,0,0
"Jena","La Salle Parish","Louisiana",3387,3398,2971,2626,4375,2431,209,1438,946,1007,620,689,0,0,0,0,0,0,0,0,0,0
"Jennings","Jefferson Davis Parish","Louisiana",10183,10383,10986,11305,12401,11783,11887,9663,7343,4036,3824,3925,1539,412,0,0,0,0,0,0,0,0
"Jonesboro","Jackson Parish","Louisiana",4623,4704,3914,4305,5061,5072,3848,3097,2639,1949,837,1134,0,0,0,0,0,0,0,0,0,0
"Jonesville","Catahoula Parish","Louisiana",2187,2265,2469,2720,2828,2761,2347,1954,2080,1123,1029,287,0,172,90,0,0,0,0,0,0,0
"Junction City","Claiborne/Union Parish","Louisiana",570,582,652,749,727,733,639,514,355,388,322,396,389,0,0,0,0,0,0,0,0,0
"Kaplan","Vermilion Parish","Louisiana",4609,4600,5177,4535,5016,5540,5267,4562,2838,1653,876,315,0,0,0,0,0,0,0,0,0,0
"Keachi","De Soto Parish","Louisiana",294,295,323,277,342,328,345,0,0,0,0,0,0,326,316,0,0,0,0,0,0,0
"Kenner","Jefferson Parish","Louisiana",67064,66702,70517,72033,66382,29858,17037,5535,2375,2440,1882,0,1253,953,970,0,0,0,0,0,0,0
"Kentwood","Tangipahoa Parish","Louisiana",2310,2198,2205,2468,2667,2736,2607,2417,1854,1726,3059,3609,1313,0,0,0,0,0,0,0,0,0
"Kilbourne","West Carroll Parish","Louisiana",410,416,436,409,286,370,227,0,0,0,0,0,0,0,0,0,0,0,0,0,0,0
"Killian","Livingston Parish","Louisiana",1290,1206,1053,721,611,293,0,0,0,0,0,0,0,0,0,0,0,0,0,0,0,0
"Kinder","Allen Parish","Louisiana",2451,2477,2148,2246,2603,2307,2299,2003,1416,962,1148,635,0,0,0,0,0,0,0,0,0,0
"Krotz Springs","St. Landry Parish","Louisiana",1205,1198,1219,1285,1374,1435,1057,866,630,449,247,0,0,0,0,0,0,0,0,0,0,0
"Lafayette","Lafayette Parish","Louisiana",126066,120623,110257,94440,80584,68908,40400,33541,19210,14635,7855,6392,3314,2106,815,777,498,0,0,0,0,0
"Lake Arthur","Jefferson Davis Parish","Louisiana",2746,2738,3007,3194,3615,3551,3541,2849,2131,1602,1882,1093,0,0,0,0,0,0,0,0,0,0
"Lake Charles","Calcasieu Parish","Louisiana",74889,71993,71757,70580,75226,77998,63392,41272,21207,15791,13088,11449,6680,3442,838,0,0,0,0,0,0,0
"Lake Providence","East Carroll Parish","Louisiana",3821,3991,5104,5380,6361,6183,5781,4123,3711,2867,1917,1568,1256,642,0,320,582,0,0,0,0,0
"Lecompte","Rapides Parish","Louisiana",1199,1227,1366,1592,1661,1518,1485,1443,1311,1247,1034,1058,0,0,0,0,0,0,0,0,0,0
"Leesville","Vernon Parish","Louisiana",6528,6612,6753,7638,9054,8928,46894,670,2829,3291,2518,2043,1148,0,0,0,0,0,0,0,0,0
"Leonville","St. Landry Parish","Louisiana",1098,1084,1007,825,1143,512,526,514,451,408,326,0,0,0,0,0,0,0,0,0,0,0
"Lillie","Union Parish","Louisiana",116,118,139,145,172,160,0,0,0,0,0,0,0,0,0,0,0,0,0,0,0,0
"Lisbon","Claiborne Parish","Louisiana",175,185,162,160,138,151,229,0,0,0,0,0,0,0,0,0,0,0,0,0,0,0
"Livingston","Livingston Parish","Louisiana",1905,1769,1342,999,1260,1398,1183,0,0,0,0,0,0,0,0,0,0,0,0,0,0,0
"Livonia","Pointe Coupee Parish","Louisiana",1419,1442,1339,970,980,611,430,0,0,0,0,0,0,0,0,0,0,0,0,0,0,0
"Lockport","Lafourche Parish","Louisiana",2550,2578,2624,2503,2424,2398,2221,1388,877,866,803,669,401,0,171,0,0,0,0,0,0,0
"Logansport","De Soto Parish","Louisiana",1573,1555,1630,1390,1565,1330,1371,1270,1222,1040,632,420,688,281,0,0,0,0,0,0,0,0
"Longstreet","De Soto Parish","Louisiana",158,157,163,189,281,182,283,224,263,308,146,0,0,0,0,0,0,0,0,0,0,0
"Loreauville","Iberia Parish","Louisiana",895,887,938,860,860,728,655,478,490,441,439,291,0,0,0,0,0,0,0,0,0,0
"Lucky","Bienville Parish","Louisiana",263,272,355,342,370,0,0,0,0,0,0,0,0,0,0,0,0,0,0,0,0,0
"Lutcher","St. James Parish","Louisiana",3401,3559,3735,3907,4730,3911,3274,2198,2167,1481,1700,0,0,0,0,0,0,0,0,0,0,0
"Madisonville","St. Tammany Parish","Louisiana",803,748,677,659,799,801,860,861,915,837,1103,1028,779,574,441,398,0,0,0,0,0,0
"Mamou","Evangeline Parish","Louisiana",3186,3242,3566,3483,3194,3275,2928,2254,1379,800,649,0,0,0,0,0,0,0,0,0,0,0
"Mandeville","St. Tammany Parish","Louisiana",12236,11560,10489,7083,6076,2571,1740,1368,1326,1069,1130,1166,1029,1012,753,541,0,0,0,0,0,0
"Mangham","Richland Parish","Louisiana",656,672,595,598,867,544,521,554,572,714,462,470,0,0,0,0,0,0,0,0,0,0
"Mansfield","De Soto Parish","Louisiana",5006,5001,5582,5389,6485,6432,5839,4440,4065,3837,2564,1799,847,908,770,813,0,0,0,0,0,0
"Mansura","Avoyelles Parish","Louisiana",1386,1419,1573,1601,2074,1699,1579,1439,1138,1057,829,695,408,144,0,0,0,0,0,0,0,0
"Many","Sabine Parish","Louisiana",2797,2853,2889,3112,3988,3112,3164,1681,1474,1239,668,683,354,133,143,0,0,0,0,0,0,0
"Maringouin","Iberville Parish","Louisiana",1077,1098,1262,1149,1291,1365,1168,898,708,518,399,447,0,0,0,0,0,0,0,0,0,0
"Marion","Union Parish","Louisiana",757,765,806,775,989,796,685,685,481,444,371,226,0,0,0,0,0,0,0,0,0,0
"Marksville","Avoyelles Parish","Louisiana",5553,5702,5537,5526,5113,4519,4257,3635,1811,1527,1185,1076,837,540,553,437,0,0,0,0,0,0
"Martin","Red River Parish","Louisiana",568,594,625,545,584,0,0,0,0,0,0,0,0,0,0,0,0,0,0,0,0,0
"Maurice","Vermilion Parish","Louisiana",1170,964,642,432,478,476,411,335,420,330,0,0,0,0,0,0,0,0,0,0,0,0
"McNary","Rapides Parish","Louisiana",205,211,211,248,240,220,0,0,151,211,1318,0,0,0,0,0,0,0,0,0,0,0
"Melville","St. Landry Parish","Louisiana",1047,1041,1376,1562,1764,1987,1939,1901,1828,1541,958,1093,517,361,0,0,0,0,0,0,0,0
"Mer Rouge","Morehouse Parish","Louisiana",597,628,721,586,802,819,853,784,713,669,656,536,465,0,0,0,0,0,0,0,0,0
"Mermentau","Acadia Parish","Louisiana",656,661,721,760,771,716,334,636,571,394,364,323,0,0,0,0,0,0,0,0,0,0
"Merryville","Beauregard Parish","Louisiana",1109,1103,1126,1235,1286,1286,1232,1383,1216,2626,2963,0,0,0,0,0,0,0,0,0,0,0
"Minden","Webster Parish","Louisiana",12808,13082,13027,13661,15084,13996,12785,9787,6677,5623,6105,3002,1561,1298,1113,1100,1144,533,0,0,0,0
"Monroe","Ouachita Parish","Louisiana",49601,48815,53107,54909,57597,56374,52219,38572,28309,26028,12675,10209,5428,3256,2070,1949,0,435,0,0,0,0
"Montgomery","Grant Parish","Louisiana",723,730,787,645,843,923,866,695,495,383,224,174,158,144,0,160,0,0,0,0,0,0
"Montpelier","St. Helena Parish","Louisiana",252,266,214,247,219,211,197,0,0,0,0,0,0,0,0,0,0,0,0,0,0,0
"Mooringsport","Caddo Parish","Louisiana",789,793,833,873,911,830,864,709,748,802,992,0,0,0,0,0,0,0,0,0,0,0
"Moreauville","Avoyelles Parish","Louisiana",906,929,922,919,853,807,815,835,815,600,867,728,0,0,0,0,0,0,0,0,0,0
"Morgan City","St. Mary Parish","Louisiana",11943,12404,12703,14531,16114,16586,13540,9759,6969,5985,5429,5477,2332,2291,2015,0,0,0,0,0,0,0
"Morganza","Pointe Coupee Parish","Louisiana",598,610,659,759,846,836,937,817,744,608,332,296,0,0,0,0,0,0,0,0,0,0
"Morse","Acadia Parish","Louisiana",806,812,759,782,835,759,682,679,742,549,482,237,0,0,0,0,0,0,0,0,0,0
"Mound","Madison Parish","Louisiana",18,19,12,16,40,78,107,105,145,0,0,0,0,0,0,0,0,0,0,0,0,0
"Mount Lebanon","Bienville Parish","Louisiana",80,83,73,102,105,102,0,0,0,0,0,0,0,0,0,0,0,0,0,0,0,0
"Napoleonville","Assumption Parish","Louisiana",647,660,686,802,829,1008,1148,1260,1301,1180,1171,1201,945,723,497,0,0,0,0,0,0,0
"Natchez","Natchitoches Parish","Louisiana",587,597,583,434,527,0,0,0,0,0,0,0,0,0,0,0,0,0,0,0,0,0
"Natchitoches","Natchitoches Parish","Louisiana",18384,18323,17865,16609,16664,15974,13924,9914,6812,4547,3388,2532,2388,1820,2785,1401,0,1261,0,1405,986,0
"New Iberia","Iberia Parish","Louisiana",30745,30617,32623,31828,32766,30147,29062,16467,13747,8003,6278,7499,6815,3447,2709,1472,0,306,0,0,0,0
"New Llano","Vernon Parish","Louisiana",2547,2504,2415,2660,2213,1800,264,277,0,0,0,0,0,0,0,0,0,0,0,0,0,0
"New Orleans","Orleans Parish","Louisiana",384320,343829,484674,496938,557927,593471,627525,570445,494537,458762,387219,339075,287104,242039,216090,191418,168675,116375,102193,46082,27176,17242
"New Roads","Pointe Coupee Parish","Louisiana",4734,4831,4966,5303,3924,3945,3965,2818,2255,1473,1294,1352,770,0,0,0,0,0,0,0,0,0
"Newellton","Tensas Parish","Louisiana",1095,1187,1482,1576,1726,1403,1453,1280,789,627,541,424,0,0,0,0,0,0,0,0,0,0
"Noble","Sabine Parish","Louisiana",251,252,259,225,194,209,206,238,238,268,316,453,0,0,0,0,0,0,0,0,0,0
"North Hodge","Jackson Parish","Louisiana",381,388,436,477,573,640,680,0,0,0,0,0,0,0,0,0,0,0,0,0,0,0
"Norwood","East Feliciana Parish","Louisiana",315,322,337,317,421,348,427,414,0,0,0,0,0,0,0,0,0,0,0,0,0,0
"Oak Grove","West Carroll Parish","Louisiana",1700,1727,2174,2126,2214,1980,1797,1796,1654,1241,700,398,0,0,0,0,0,0,0,0,0,0
"Oak Ridge","Morehouse Parish","Louisiana",136,144,142,174,257,276,287,287,373,260,318,332,348,296,0,0,0,0,0,0,0,0
"Oakdale","Allen Parish","Louisiana",7723,7780,8137,6832,7155,7301,6618,5598,3933,3188,4016,0,0,0,0,0,0,0,0,0,0,0
"Oberlin","Allen Parish","Louisiana",1754,1770,1853,1808,1764,1857,1794,1544,962,790,623,232,213,0,0,0,0,0,0,0,0,0
"Oil City","Caddo Parish","Louisiana",1001,1008,1219,1282,1323,907,1430,422,0,0,0,0,0,0,0,0,0,0,0,0,0,0
"Olla","La Salle Parish","Louisiana",1375,1385,1417,1410,1603,1387,1246,1115,691,740,266,260,0,0,0,0,0,0,0,0,0,0
"Opelousas","St. Landry Parish","Louisiana",16617,16634,22860,18151,18903,20387,17417,11659,8980,6299,4437,4623,2951,1572,1676,1546,786,0,0,0,0,0
"Palmetto","St. Landry Parish","Louisiana",163,164,188,229,327,312,430,457,444,408,168,0,0,0,0,0,0,0,0,0,0,0
"Parks","St. Martin Parish","Louisiana",671,653,533,400,545,491,413,460,460,409,766,466,0,0,0,0,0,0,0,0,0,0
"Patterson","St. Mary Parish","Louisiana",6107,6112,5130,4736,4693,4409,2923,1938,1800,2206,2538,2998,0,0,0,0,0,0,0,0,0,0
"Pearl River","St. Tammany Parish","Louisiana",2472,2506,1839,1507,1693,1361,964,637,612,264,364,277,0,0,0,0,0,0,0,0,0,0
"Pine Prairie","Evangeline Parish","Louisiana",1593,1610,1087,713,734,515,387,0,0,0,0,0,0,0,0,0,0,0,0,0,0,0
"Pineville","Rapides Parish","Louisiana",14425,14555,13829,12251,12034,8951,8636,6423,4297,3612,2188,1212,617,540,763,414,393,0,0,0,0,0
"Pioneer","West Carroll Parish","Louisiana",154,156,171,116,221,188,154,0,0,0,0,0,0,0,0,0,0,0,0,0,0,0
"Plain Dealing","Bossier Parish","Louisiana",988,1015,1071,1074,1213,1300,1357,1321,1085,1412,655,474,258,0,0,0,0,0,0,0,0,0
"Plaquemine","Iberville Parish","Louisiana",6963,7119,7064,7186,7521,7739,7689,5747,5049,5124,4632,4955,3590,3222,2061,1460,1663,0,0,0,0,0
"Plaucheville","Avoyelles Parish","Louisiana",240,248,281,187,196,224,228,277,367,356,335,380,0,0,0,0,0,0,0,0,0,0
"Pleasant Hill","Sabine Parish","Louisiana",718,723,786,824,776,826,907,856,737,807,554,442,300,0,0,0,0,0,0,0,0,0
"Pollock","Grant Parish","Louisiana",479,469,376,330,399,341,366,421,317,376,353,675,637,0,0,0,0,0,0,0,0,0
"Ponchatoula","Tangipahoa Parish","Louisiana",6907,6559,5180,5425,5469,4545,4727,4090,4001,2898,955,1055,711,459,293,320,0,0,0,0,0,0
"Port Allen","West Baton Rouge Parish","Louisiana",5144,5180,5278,6277,6114,5728,5026,3097,1898,1524,920,0,0,0,0,0,0,0,0,0,0,0
"Port Barre","St. Landry Parish","Louisiana",2111,2055,2287,2144,2625,2133,1876,1066,850,674,588,0,0,0,0,0,0,0,0,0,0,0
"Port Vincent","Livingston Parish","Louisiana",737,741,463,446,450,387,340,0,0,0,0,0,0,0,0,0,0,0,0,0,0,0
"Powhatan","Natchitoches Parish","Louisiana",132,135,141,147,279,277,0,0,0,0,0,0,0,0,0,0,0,0,0,0,0,0
"Provencal","Natchitoches Parish","Louisiana",607,611,708,538,695,530,570,0,0,0,0,262,246,482,0,0,0,0,0,0,0,0
"Quitman","Jackson Parish","Louisiana",176,181,168,162,231,169,185,204,212,207,177,215,0,0,0,0,0,0,0,0,0,0
"Rayne","Acadia Parish","Louisiana",8039,7953,8552,8502,9066,9510,8634,6485,4974,3710,2720,2247,1007,569,0,0,0,0,0,0,0,0
"Rayville","Richland Parish","Louisiana",3720,3695,4234,4411,4610,3962,4052,3138,2412,2976,1499,1079,0,366,316,106,0,0,0,0,0,0
"Reeves","Allen Parish","Louisiana",230,232,209,188,199,214,151,106,120,139,243,0,0,0,0,0,0,0,0,0,0,0
"Richmond","Madison Parish","Louisiana",555,577,499,447,505,0,0,0,0,0,0,0,0,0,0,0,0,0,0,0,0,0
"Richwood","Ouachita Parish","Louisiana",3375,3392,2115,1253,1223,0,0,0,0,0,0,0,0,0,0,0,0,0,0,0,0,0
"Ridgecrest","Concordia Parish","Louisiana",678,694,801,804,895,1076,0,0,0,0,0,0,0,0,0,0,0,0,0,0,0,0
"Ringgold","Bienville Parish","Louisiana",1443,1495,1660,1856,1655,1731,953,1007,1006,618,335,0,0,0,133,0,0,0,0,0,0,0
"Robeline","Natchitoches Parish","Louisiana",170,174,183,149,238,274,308,350,355,328,495,438,464,676,0,0,0,0,0,0,0,0
"Rodessa","Caddo Parish","Louisiana",265,270,307,294,337,273,0,0,0,0,0,0,0,0,0,0,0,0,0,0,0,0
"Rosedale","Iberville Parish","Louisiana",781,793,753,807,658,621,674,0,0,0,0,0,0,0,0,0,0,0,0,0,0,0
"Roseland","Tangipahoa Parish","Louisiana",1186,1123,1162,1093,1346,1273,1254,1038,873,1139,603,586,0,281,0,0,0,0,0,0,0,0
"Rosepine","Vernon Parish","Louisiana",1673,1692,1390,1135,953,587,414,334,407,214,0,325,0,0,0,0,0,0,0,0,0,0
"Ruston","Lincoln Parish","Louisiana",22301,21859,20546,20027,20585,17365,13991,10372,7107,4400,3389,3377,1324,767,0,0,0,0,0,0,0,0
"Saline","Bienville Parish","Louisiana",268,277,296,272,293,307,3293,357,381,346,390,346,0,0,0,0,0,0,0,0,0,0
"Sarepta","Webster Parish","Louisiana",872,891,925,886,831,882,737,0,0,0,0,0,0,0,0,0,0,0,0,0,0,0
"Scott","Lafayette Parish","Louisiana",8910,8614,7870,4912,2239,1334,902,688,407,344,324,239,0,0,0,0,0,0,0,0,0,0
"Shongaloo","Webster Parish","Louisiana",177,182,162,161,163,173,0,0,0,0,0,0,0,0,0,0,0,0,0,0,0,0
"Shreveport","Caddo Parish","Louisiana",198242,199311,200145,198525,206989,182064,164372,127206,98167,76655,43874,28015,16013,11979,8009,4607,2190,1728,0,0,0,0
"Sibley","Webster Parish","Louisiana",1193,1218,1098,997,1211,869,595,623,405,422,900,0,0,0,0,0,0,0,0,0,0,0
"Sicily Island","Catahoula Parish","Louisiana",509,526,453,421,691,630,761,0,0,0,0,0,0,0,0,0,0,0,0,0,0,0
"Sikes","Winn Parish","Louisiana",114,119,120,120,226,237,233,342,0,0,0,0,0,0,0,0,0,0,0,0,0,0
"Simmesport","Avoyelles Parish","Louisiana",2118,2161,2239,2092,2293,2027,2125,1510,1215,638,0,0,0,0,0,0,0,0,0,0,0,0
"Simpson","Vernon Parish","Louisiana",635,638,583,536,534,491,0,0,0,0,0,0,0,0,0,0,0,0,0,0,0,0
"Simsboro","Lincoln Parish","Louisiana",857,841,684,634,553,412,363,0,0,0,290,282,0,248,0,0,0,0,0,0,0,0
"Slaughter","East Feliciana Parish","Louisiana",970,997,1011,827,729,580,403,290,306,327,215,287,259,0,0,0,0,0,0,0,0,0
"Slidell","St. Tammany Parish","Louisiana",27622,27068,25695,24124,26718,16101,6356,3383,2822,2807,2958,2188,1129,364,0,0,0,0,0,0,0,0
"Sorrento","Ascension Parish","Louisiana",1551,1401,1227,1119,1197,1182,1151,0,0,0,0,0,0,0,0,0,0,0,0,0,0,0
"South Mansfield","De Soto Parish","Louisiana",349,346,352,407,1463,439,616,276,433,462,441,0,0,0,0,0,0,0,0,0,0,0
"Spearsville","Union Parish","Louisiana",134,137,155,132,181,197,0,0,0,0,0,0,0,0,84,0,0,0,0,0,0,0
"Springfield","Livingston Parish","Louisiana",491,487,395,439,424,423,268,0,0,0,0,0,0,0,99,0,0,0,0,0,0,0
"Springhill","Webster Parish","Louisiana",5148,5269,5439,5668,6516,6496,6437,3383,2822,1546,748,0,0,0,0,0,0,0,0,0,0,0
"St. Francisville","West Feliciana Parish","Louisiana",1716,1765,1712,1700,1471,1603,1661,936,821,830,673,966,1059,950,721,0,0,0,0,0,0,0
"St. Gabriel","Iberville Parish","Louisiana",6993,6677,5514,0,0,0,0,0,0,0,0,0,0,0,0,0,0,0,0,0,0,0
"St. Joseph","Tensas Parish","Louisiana",1076,1176,1340,1517,1687,1864,1653,1218,1096,864,734,740,717,473,486,0,0,0,0,0,0,0
"St. Martinville","St. Martin Parish","Louisiana",6092,6114,6989,7137,7965,7153,6468,4614,3501,2455,2465,2318,1926,1814,1606,1190,0,652,0,0,0,0
"Stanley","De Soto Parish","Louisiana",108,107,145,131,151,145,234,0,0,0,0,0,0,0,0,0,0,0,0,0,0,0
"Sterlington","Ouachita Parish","Louisiana",2187,1594,1276,1140,1400,1118,0,0,0,0,0,0,0,0,0,0,0,0,0,0,0,0
"Stonewall","De Soto Parish","Louisiana",2019,1814,1668,1266,1175,0,0,0,0,0,0,0,0,0,0,0,0,0,0,0,0,0
"Sulphur","Calcasieu Parish","Louisiana",20206,20410,20512,20125,19709,14959,11429,5996,3504,1888,1714,0,0,0,0,0,0,0,0,0,0,0
"Sun","St. Tammany Parish","Louisiana",479,470,471,429,404,288,224,0,0,0,0,0,0,0,0,0,0,0,0,0,0,0
"Sunset","St. Landry Parish","Louisiana",2928,2897,2352,2201,2300,1675,1307,1080,630,520,433,377,0,0,0,0,0,0,0,0,0,0
"Tallulah","Madison Parish","Louisiana",7181,7335,9189,8526,11341,9643,9413,7758,5712,3332,1316,847,0,0,0,0,0,0,0,0,0,0
"Tangipahoa","Tangipahoa Parish","Louisiana",796,748,747,569,493,469,465,352,319,304,252,394,297,0,259,236,0,0,0,0,0,0
"Thibodaux","Lafourche Parish","Louisiana",14603,14566,14431,14035,15810,15028,13403,7730,5851,4442,3526,3824,3253,2078,1515,1922,1380,1242,0,0,0,0
"Tickfaw","Tangipahoa Parish","Louisiana",732,694,617,565,571,370,317,0,0,0,0,0,0,0,73,0,0,0,0,0,0,0
"Tullos","La Salle/Winn Parish","Louisiana",384,385,419,427,776,600,594,732,589,707,0,0,0,0,0,0,0,0,0,0,0,0
"Turkey Creek","Evangeline Parish","Louisiana",443,441,356,283,366,280,279,0,0,0,0,0,0,0,0,0,0,0,0,0,0,0
"Urania","La Salle Parish","Louisiana",1309,1313,700,782,849,874,1063,1004,0,0,0,0,0,0,0,0,0,0,0,0,0,0
"Varnado","Washington Parish","Louisiana",328,1461,342,236,249,320,331,306,315,204,275,0,0,0,0,0,0,0,0,0,0,0
"Vidalia","Concordia Parish","Louisiana",4193,4299,4543,4953,5936,5538,4313,1641,1318,1141,1246,1345,1022,821,449,0,0,0,0,0,0,0
"Vienna","Lincoln Parish","Louisiana",389,386,424,404,519,59,0,0,0,0,0,0,0,0,358,0,0,0,0,0,0,0
"Ville Platte","Evangeline Parish","Louisiana",7287,7430,8145,9037,9201,9692,7512,6633,3721,1722,1364,603,163,0,149,135,0,0,0,0,0,0
"Vinton","Calcasieu Parish","Louisiana",3365,3212,3338,3154,3631,3454,2987,2597,1787,1989,1441,0,0,0,0,0,0,0,0,0,0,0
"Vivian","Caddo Parish","Louisiana",3641,3671,4031,4156,4225,4046,2624,2426,2460,1646,1864,826,0,0,0,0,0,0,0,0,0,0
"Walker","Livingston Parish","Louisiana",6238,6138,4801,3727,2957,1363,912,500,424,524,371,592,0,0,0,0,0,0,0,0,0,0
"Washington","St. Landry Parish","Louisiana",957,964,1082,1253,1266,1473,1291,1291,1264,1004,1041,1528,1197,1064,1194,907,536,0,0,0,0,0
"Waterproof","Tensas Parish","Louisiana",622,688,834,1080,1339,1438,1412,1180,592,420,340,445,298,0,316,0,0,0,0,0,0,0
"Welsh","Jefferson Davis Parish","Louisiana",3236,3226,3380,3299,3515,3203,3332,2416,1822,1514,1456,1250,320,200,0,0,0,0,0,0,0,0
"West Monroe","Ouachita Parish","Louisiana",12985,13065,13250,14096,14993,14868,15215,10302,8560,6566,2240,1127,775,447,0,0,0,0,0,0,0,0
"Westlake","Calcasieu Parish","Louisiana",4612,4568,4668,5007,5246,4082,3311,1871,0,0,0,0,0,0,0,0,0,0,0,0,0,0
"Westwego","Jefferson Parish","Louisiana",8545,8534,10763,11218,12663,11402,9815,8328,4997,3987,0,0,0,0,0,0,0,0,0,0,0,0
"White Castle","Iberville Parish","Louisiana",1856,1883,1946,2102,2160,2206,2253,1839,1692,1499,1566,2289,1850,603,0,0,0,0,0,0,0,0
"Wilson","East Feliciana Parish","Louisiana",577,595,668,707,656,606,0,0,0,354,470,762,470,281,0,0,0,0,0,0,0,0
"Winnfield","Winn Parish","Louisiana",4629,4840,5749,6138,7311,7142,7022,5629,4512,3721,2975,2925,0,0,133,0,0,0,0,0,0,0
"Winnsboro","Franklin Parish","Louisiana",4785,4910,5344,5755,5921,5349,4437,3655,2834,1965,1176,821,0,0,0,0,0,0,0,0,0,0
"Wisner","Franklin Parish","Louisiana",936,964,1140,1153,1424,1339,1254,738,617,692,0,0,0,0,0,0,0,0,0,0,0,0
"Woodworth","Rapides Parish","Louisiana",1089,1096,1080,754,412,409,320,392,0,0,0,0,0,0,0,0,0,0,0,0,0,0
"Youngsville","Lafayette Parish","Louisiana",11006,8105,3992,1195,1053,1002,946,769,647,536,361,328,200,0,0,0,0,0,0,0,0,0
"Zachary","East Baton Rouge Parish","Louisiana",16219,14960,11275,9036,7297,4964,3268,1542,730,626,524,419,465,0,0,0,0,0,0,0,0,0
"Zwolle","Sabine Parish","Louisiana",1975,1759,1783,1779,2602,2169,1326,1555,1500,1264,909,973,276,0,0,0,0,0,0,0,0,0
