"NAME","County","State",2014,2010,2000,1990,1980,1970,1960,1950,1940,1930,1920,1910,1900,1890,1880,1870,1860,1850,1840,1830,1820,1810,1800
"Aberdeen","Moore County","North Carolina",7131,6350,3400,2700,1945,1592,1531,1603,1076,1382,858,794,559,227,0,0,0,0,0,0,0,0,0
"Ahoskie","Hertford County","North Carolina",4973,5039,4523,4391,4887,5105,4583,3579,2313,1940,1429,924,302,0,0,0,0,0,0,0,0,0,0
"Alamance","Alamance County","North Carolina",978,951,310,258,320,0,0,0,0,0,0,0,0,0,0,0,0,0,0,0,0,0,0
"Albemarle","Stanly County","North Carolina",15976,15903,15680,14939,15110,11126,12261,11798,4060,3493,2691,2116,1382,248,0,0,0,0,0,0,0,0,0
"Alliance","Pamlico County","North Carolina",761,776,781,583,616,577,0,0,0,0,0,0,0,0,0,0,0,0,0,0,0,0,0
"Andrews","Cherokee County","North Carolina",1762,1781,1602,2551,1621,1384,1404,1397,1520,1748,1634,936,0,0,0,0,0,0,0,0,0,0,0
"Angier","Harnett County","North Carolina",4836,4350,3419,2235,1709,1431,1249,1182,1028,760,374,221,0,0,0,0,0,0,0,0,0,0,0
"Ansonville","Anson County","North Carolina",606,631,636,614,794,694,558,545,519,532,0,0,0,0,0,0,0,0,0,0,0,0,0
"Apex","Wake County","North Carolina",43907,37476,20212,4968,2847,2234,1368,1065,977,863,926,681,349,269,228,0,0,0,0,0,0,0,0
"Arapahoe","Pamlico County","North Carolina",546,556,436,430,467,212,274,273,307,290,0,0,0,0,0,0,0,0,0,0,0,0,0
"Archdale","Randolph County","North Carolina",11539,11415,9014,6913,5326,4874,1520,1218,1097,628,178,145,182,224,0,0,0,0,0,0,0,0,0
"Archer Lodge","Yadkin County","North Carolina",4594,4292,795,795,872,711,0,0,0,0,0,0,0,0,0,0,0,0,0,0,0,0,0
"Asheboro","Randolph County","North Carolina",25886,25012,21672,16362,15252,10797,9449,7701,6981,5021,2559,1865,992,510,299,182,0,176,0,0,0,0,0
"Asheville","Buncombe County","North Carolina",87882,83393,68889,61607,54022,57929,60192,53000,51310,50193,28504,18762,14694,10235,2616,1400,502,0,0,0,0,0,38
"Askewville","Bertie County","North Carolina",231,241,180,201,227,247,195,0,0,0,0,0,0,0,0,0,0,0,0,0,0,0,0
"Atkinson","Pender County","North Carolina",320,299,236,275,298,325,302,294,312,331,296,115,0,0,0,0,0,0,0,0,0,0,0
"Atlantic Beach","Carteret County","North Carolina",1506,1495,1781,1938,941,300,76,49,0,0,0,0,0,0,0,0,0,0,0,0,0,0,0
"Aulander","Bertie County","North Carolina",843,895,888,1209,1214,947,1083,1112,1057,1041,803,543,342,163,0,0,0,0,0,0,0,0,0
"Aurora","Beaufort County","North Carolina",520,520,583,654,698,620,449,525,492,429,524,440,314,251,81,0,0,0,0,0,0,0,0
"Autryville","Sampson County","North Carolina",203,196,196,166,228,213,192,151,94,119,99,77,61,0,0,0,0,0,0,0,0,0,0
"Ayden","Pitt County","North Carolina",5059,4932,4622,4740,4361,3450,3108,2282,1884,1607,1673,990,557,0,0,0,0,0,0,0,0,0,0
"Badin","Stanly County","North Carolina",1976,1974,1154,1481,1514,1626,1905,2126,0,0,0,0,0,0,0,0,0,0,0,0,0,0,0
"Bailey","Nash County","North Carolina",567,569,670,553,685,724,795,743,645,631,518,195,0,0,0,0,0,0,0,0,0,0,0
"Bakersville","Mitchell County","North Carolina",455,464,357,332,373,409,393,428,437,426,332,416,511,0,0,0,0,0,0,0,0,0,0
"Bald Head Island","Brunswick County","North Carolina",168,158,173,78,0,0,0,0,0,0,0,0,0,0,0,0,0,0,0,0,0,0,0
"Banner Elk","Avery County","North Carolina",1113,1028,811,933,1087,754,0,0,0,340,264,0,0,0,0,0,0,0,0,0,0,0,0
"Bath","Beaufort County","North Carolina",249,249,275,154,207,231,346,381,380,361,274,283,400,0,89,0,0,0,0,0,0,0,0
"Bayboro","Pamlico County","North Carolina",1252,1263,741,733,759,665,545,453,428,468,349,370,292,252,0,0,0,0,0,0,0,0,0
"Bear Grass","Martin County","North Carolina",71,73,53,77,82,99,103,128,114,131,108,56,0,0,0,0,0,0,0,0,0,0,0
"Beaufort","Carteret County","North Carolina",4195,4039,3771,3808,3826,3368,2922,3212,3272,2957,2968,2483,2195,2007,2009,2430,1610,1661,0,0,0,0,437
"Beech Mountain","Watauga County","North Carolina",319,320,310,239,0,0,0,0,0,0,0,0,0,0,0,0,0,0,0,0,0,0,0
"Belhaven","Beaufort County","North Carolina",1612,1688,1968,2269,2430,2259,2386,2528,2360,2458,1816,2863,383,0,0,0,0,0,0,0,0,0,0
"Belmont","Gaston County","North Carolina",10456,10076,8705,8434,4607,5054,5007,5330,4356,4121,2941,1176,145,0,0,0,0,0,0,0,0,0,0
"Belville","Brunswick County","North Carolina",2059,1936,285,66,102,0,0,0,0,0,0,0,0,0,0,0,0,0,0,0,0,0,0
"Belwood","Cleveland County","North Carolina",934,950,962,631,613,0,0,0,0,0,0,0,0,0,0,0,0,0,0,0,0,0,0
"Benson","Johnston County","North Carolina",3536,3311,2923,2810,2792,2267,2355,2102,1837,1522,1123,800,384,191,0,0,0,0,0,0,0,0,0
"Bermuda Run","Davie County","North Carolina",2538,1725,1431,0,0,0,0,0,0,0,0,0,0,0,0,0,0,0,0,0,0,0,0
"Bessemer City","Gaston County","North Carolina",5484,5340,5119,4698,4787,4991,4017,3961,3567,3739,2176,1529,1100,0,68,0,0,0,0,0,0,0,0
"Bethania","Forsyth County","North Carolina",342,328,354,0,0,0,0,0,0,0,0,0,0,0,105,0,0,0,0,0,0,0,0
"Bethel","Pitt County","North Carolina",1622,1577,1681,1842,1825,1514,1578,1402,1333,1149,817,469,457,377,127,0,0,0,0,0,0,0,0
"Beulaville","Duplin County","North Carolina",1342,1296,1067,933,1060,1156,1062,724,567,494,354,0,0,51,32,0,0,0,0,0,0,0,0
"Biltmore Forest","Buncombe County","North Carolina",1422,1343,1440,1327,1499,1298,1004,657,476,313,0,173,71,0,0,0,0,0,0,0,0,0,0
"Biscoe","Montgomery County","North Carolina",1685,1700,1700,1484,1334,1244,1053,1034,843,819,755,697,0,0,0,0,0,0,0,0,0,0,0
"Black Creek","Wilson County","North Carolina",765,769,714,615,523,449,310,316,333,355,274,219,196,191,129,77,0,0,0,0,0,0,0
"Black Mountain","Buncombe County","North Carolina",8145,7848,7511,5418,4083,3204,1313,1174,1042,737,531,311,209,0,0,0,0,0,0,0,0,0,0
"Bladenboro","Bladen County","North Carolina",1733,1750,1718,1821,1428,783,774,796,724,587,459,276,0,0,0,0,0,0,0,0,0,0,0
"Blowing Rock","Caldwell/Watauga County","North Carolina",1233,1241,1418,1257,1337,801,711,661,654,503,338,261,331,0,0,0,0,0,0,0,0,0,0
"Boardman","Columbus County","North Carolina",155,157,202,0,0,0,0,0,0,158,828,796,604,0,0,0,0,0,0,0,0,0,0
"Bogue","Carteret County","North Carolina",701,684,590,0,0,0,0,0,0,0,0,0,0,0,0,0,0,0,0,0,0,0,0
"Boiling Spring Lakes","Brunswick County","North Carolina",5689,5372,2972,1650,998,245,0,0,0,0,0,0,0,0,0,0,0,0,0,0,0,0,0
"Boiling Springs","Cleveland County","North Carolina",4588,4647,3866,2445,2381,2284,1311,1145,613,672,0,0,0,0,0,0,0,0,0,0,0,0,0
"Bolivia","Brunswick County","North Carolina",150,143,148,228,252,185,201,215,203,156,199,0,0,0,0,0,0,0,0,0,0,0,0
"Bolton","Columbus County","North Carolina",677,691,494,531,563,534,617,606,760,976,699,0,0,0,0,0,0,0,0,0,0,0,0
"Boone","Watauga County","North Carolina",18130,17122,13472,12915,10191,8754,3686,2973,1788,1295,374,179,155,144,167,0,0,0,0,0,0,0,0
"Boonville","Yadkin County","North Carolina",1212,1222,1138,1009,1028,687,539,502,405,394,162,282,183,0,46,0,0,0,0,0,0,0,0
"Bostic","Rutherford County","North Carolina",379,386,328,371,476,289,274,227,226,238,206,209,97,0,0,0,0,0,0,0,0,0,0
"Brevard","Transylvania County","North Carolina",7692,7609,6789,5388,5323,5243,4857,3908,3061,2339,1658,919,584,327,223,0,0,0,0,0,0,0,0
"Bridgeton","Craven County","North Carolina",447,454,328,453,461,520,638,805,616,721,548,348,0,0,0,0,0,0,0,0,0,0,0
"Broadway","Lee County","North Carolina",1264,1229,1015,973,908,694,466,469,338,347,250,149,0,0,0,0,0,0,0,0,0,0,0
"Brookford","Catawba County","North Carolina",376,382,434,451,467,590,596,768,910,694,709,725,0,0,0,0,0,0,0,0,0,0,0
"Brunswick","Columbus County","North Carolina",1115,1119,360,302,223,206,169,190,227,416,0,0,0,0,0,0,0,0,0,0,0,0,0
"Bryson City","Swain County","North Carolina",1436,1424,1411,1145,1556,1290,1084,1499,1612,1806,882,612,417,0,0,0,0,0,0,0,0,0,0
"Bunn","Franklin County","North Carolina",357,344,357,364,505,284,332,255,248,243,150,0,0,0,0,0,0,0,0,0,0,0,0
"Burgaw","Pender County","North Carolina",4060,3872,3337,1807,1738,1744,1750,1613,1476,1209,1040,956,387,366,184,0,0,0,0,0,0,0,0
"Burlington","Alamance County","North Carolina",51812,49963,44917,39498,37266,35930,33199,24560,12198,9737,5952,4808,3692,1716,817,0,0,0,0,0,0,0,0
"Burnsville","Yancey County","North Carolina",1673,1693,1623,1482,1452,1348,1388,1341,997,866,0,422,207,0,0,0,0,0,0,0,0,0,0
"Butner","Granville County","North Carolina",7718,7591,5792,4679,4240,3538,0,0,0,0,0,0,0,0,0,0,0,0,0,0,0,0,0
"Cajah's Mountain","Caldwell County","North Carolina",2757,2823,2683,2429,0,0,0,0,0,0,0,0,0,0,0,0,0,0,0,0,0,0,0
"Calabash","Brunswick County","North Carolina",2092,1786,711,1210,128,0,0,0,0,0,0,0,0,0,0,0,0,0,0,0,0,0,0
"Calypso","Duplin County","North Carolina",555,538,410,481,689,462,633,688,678,538,405,0,0,0,0,0,0,0,0,0,0,0,0
"Cameron","Moore County","North Carolina",292,285,151,215,225,204,298,284,311,287,241,259,218,236,117,0,0,0,0,0,0,0,0
"Candor","Montgomery County","North Carolina",833,840,825,748,868,561,593,617,509,462,267,160,0,0,0,0,0,0,0,0,0,0,0
"Canton","Haywood County","North Carolina",4159,4227,4029,3790,4631,5158,5068,4906,5037,5117,2584,1393,230,0,0,0,0,0,0,0,0,0,0
"Cape Carteret","Carteret County","North Carolina",2058,1917,1214,1008,944,616,52,0,0,0,0,0,0,0,0,0,0,0,0,0,0,0,0
"Carolina Beach","New Hanover County","North Carolina",6042,5706,4701,3630,2000,1663,1192,1080,637,95,0,0,0,0,0,0,0,0,0,0,0,0,0
"Carolina Shores","Brunswick County","North Carolina",3609,3048,1482,0,0,0,0,0,0,0,0,0,0,0,0,0,0,0,0,0,0,0,0
"Carrboro","Orange County","North Carolina",20984,19582,16782,11553,7336,5058,1997,1795,1455,1242,1129,0,0,0,0,0,0,0,0,0,0,0,0
"Carthage","Moore County","North Carolina",2369,2205,1871,976,925,1034,1190,1194,1381,1129,962,863,605,485,366,0,0,0,0,0,0,0,0
"Cary","Wake County","North Carolina",155227,135234,94536,43858,21763,7686,3356,1446,1141,909,645,383,333,423,316,0,0,0,0,0,0,0,0
"Casar","Cleveland County","North Carolina",295,297,308,328,346,339,0,0,0,0,0,0,0,0,0,0,0,0,0,0,0,0,0
"Castalia","Nash County","North Carolina",264,268,340,261,358,265,267,421,341,292,263,219,163,159,133,0,0,0,0,0,0,0,0
"Caswell Beach","Brunswick County","North Carolina",416,398,370,175,110,0,0,0,0,0,0,0,0,0,0,0,0,0,0,0,0,0,0
"Catawba","Catawba County","North Carolina",615,603,698,467,509,565,504,506,402,340,250,222,169,196,142,0,0,0,0,0,0,0,0
"Cedar Point","Carteret County","North Carolina",1305,1279,929,628,0,0,0,0,0,0,0,0,0,0,0,0,0,0,0,0,0,0,0
"Cedar Rock","Caldwell County","North Carolina",295,300,315,0,0,0,0,0,0,0,0,0,0,0,0,0,0,0,0,0,0,0,0
"Centerville","Franklin County","North Carolina",91,89,99,115,135,123,0,0,0,0,0,0,0,0,0,0,0,0,0,0,0,0,0
"Cerro Gordo","Columbus County","North Carolina",203,207,244,227,295,322,306,265,379,325,262,323,123,129,90,0,0,0,0,0,0,0,0
"Chadbourn","Columbus County","North Carolina",1801,1856,2129,2005,1975,2213,2323,2103,1576,1311,1121,1242,243,156,0,0,0,0,0,0,0,0,0
"Chapel Hill","Orange County","North Carolina",59376,57233,48715,38719,32421,26199,12573,9177,3654,2699,1483,1149,1099,1017,831,0,0,0,0,0,0,0,0
"Charlotte","Mecklenburg County","North Carolina",809958,731424,540828,395934,315474,241420,201564,134042,100899,82675,46338,34014,18091,11557,7094,4473,2265,1065,0,0,0,0,0
"Cherryville","Gaston County","North Carolina",5906,5760,5361,4756,4844,5258,3607,3492,3225,2756,1884,1153,1008,0,0,0,0,0,0,0,0,0,0
"Chimney Rock Village","Rutherford County","North Carolina",109,113,175,0,0,0,0,0,0,0,0,0,0,0,0,0,0,0,0,0,0,0,0
"China Grove","Rowan County","North Carolina",4172,3563,3616,2732,2081,1788,1500,1491,1567,1258,1027,852,887,174,26,0,0,0,0,0,0,0,0
"Chocowinity","Beaufort County","North Carolina",818,820,733,624,644,566,580,0,0,0,0,0,0,0,0,0,0,0,0,0,0,0,0
"Claremont","Catawba County","North Carolina",1360,1352,1038,980,880,788,728,669,467,368,435,297,160,0,0,0,0,0,0,0,0,0,0
"Clarkton","Bladen County","North Carolina",822,837,705,739,664,662,662,589,484,458,368,276,0,0,0,0,0,0,0,0,0,0,0
"Clayton","Johnston County","North Carolina",18445,16116,6973,4756,4091,3103,2656,2229,1711,1533,1423,1441,754,478,352,0,0,0,0,0,0,0,0
"Clemmons","Forsyth County","North Carolina",19522,18627,13827,6020,0,0,0,0,0,0,0,0,0,0,0,0,0,0,0,0,0,0,0
"Cleveland","Rowan County","North Carolina",870,871,808,696,595,614,594,580,506,435,366,426,198,0,0,0,0,0,0,0,0,0,0
"Clinton","Sampson County","North Carolina",8787,8639,8600,8204,7552,7157,7461,4414,3557,2712,2110,1101,958,839,620,204,209,0,0,0,0,0,0
"Clyde","Haywood County","North Carolina",1235,1223,1324,1041,1008,814,680,598,516,458,363,344,244,90,0,0,0,0,0,0,0,0,0
"Coats","Harnett County","North Carolina",2376,2112,1845,1493,1385,1051,1049,1047,827,562,526,169,0,0,0,0,0,0,0,0,0,0,0
"Cofield","Hertford County","North Carolina",402,413,347,407,465,318,0,0,0,0,0,0,0,0,0,0,0,0,0,0,0,0,0
"Colerain","Bertie County","North Carolina",193,204,221,139,284,373,340,367,307,229,215,169,0,0,94,0,0,0,0,0,0,0,0
"Columbia","Tyrrell County","North Carolina",843,891,819,836,758,902,1099,1161,1090,864,738,848,382,209,166,0,0,0,0,0,0,0,0
"Columbus","Polk County","North Carolina",992,999,992,812,727,731,725,486,390,340,168,122,334,0,71,0,0,0,0,0,0,0,0
"Como","Hertford County","North Carolina",90,91,78,71,89,211,0,0,0,0,0,0,0,0,0,0,0,0,0,0,0,0,0
"Concord","Cabarrus County","North Carolina",85560,79066,55977,27347,16942,18464,17799,16486,15572,11820,9903,8715,7910,4339,1264,878,0,0,0,0,0,0,33
"Conetoe","Edgecombe County","North Carolina",284,294,365,292,215,160,147,172,194,196,160,158,132,88,0,0,0,0,0,0,0,0,0
"Connelly Springs","Burke County","North Carolina",1635,1669,1814,1349,0,0,0,0,0,384,0,0,0,0,0,0,0,0,0,0,0,0,0
"Conover","Catawba County","North Carolina",8215,8165,6604,5465,4245,3355,2281,1164,1195,973,681,421,413,337,150,0,0,0,0,0,0,0,0
"Conway","Northampton County","North Carolina",778,836,734,759,678,694,662,618,449,400,294,0,0,0,0,0,0,0,0,0,0,0,0
"Cooleemee","Davie County","North Carolina",965,960,905,971,0,0,0,0,0,0,0,0,0,0,0,0,0,0,0,0,0,0,0
"Cornelius","Mecklenburg County","North Carolina",27481,24866,11969,2581,1460,1296,1444,1548,1195,1230,1141,833,0,0,0,0,0,0,0,0,0,0,0
"Cove City","Craven County","North Carolina",401,399,433,497,500,485,551,465,371,194,258,308,0,0,0,0,0,0,0,0,0,0,0
"Cramerton","Gaston County","North Carolina",4279,4165,2976,2371,1869,2142,3123,3211,0,0,0,0,0,0,0,0,0,0,0,0,0,0,0
"Creedmoor","Granville County","North Carolina",4373,4124,2232,1504,1641,1405,862,852,640,388,392,324,0,0,0,0,0,0,0,0,0,0,0
"Creswell","Washington County","North Carolina",265,276,278,361,426,633,402,425,459,350,393,329,224,202,145,0,0,0,0,0,0,0,0
"Crossnore","Avery County","North Carolina",202,192,242,271,297,264,277,240,266,181,0,0,0,0,0,0,0,0,0,0,0,0,0
"Dallas","Gaston County","North Carolina",4570,4488,3402,3012,3340,4059,3270,2454,1704,1489,1397,1065,514,441,417,299,0,0,0,0,0,0,0
"Danbury","Stokes County","North Carolina",187,189,108,119,140,152,175,0,0,0,0,0,0,0,144,0,0,0,0,0,0,0,0
"Davidson","Mecklenburg County","North Carolina",11981,10944,7139,4046,3241,2931,2573,2423,1550,1445,1156,1056,904,481,391,0,0,0,0,0,0,0,0
"Denton","Davidson County","North Carolina",1651,1636,1450,1292,949,1017,852,766,677,540,559,320,0,0,0,0,0,0,0,0,0,0,0
"Dillsboro","Jackson County","North Carolina",237,232,205,95,179,215,140,198,290,284,228,277,279,0,0,0,0,0,0,0,0,0,0
"Dobbins Heights","Richmond County","North Carolina",845,866,936,1144,0,0,0,0,0,0,0,0,0,0,0,0,0,0,0,0,0,0,0
"Dobson","Surry County","North Carolina",1577,1586,1457,1195,1222,933,684,609,520,446,368,360,327,0,0,0,0,0,0,0,0,0,0
"Dortches","Nash County","North Carolina",932,935,809,840,885,0,0,0,0,0,0,0,0,0,0,0,0,0,0,0,0,0,0
"Dover","Craven County","North Carolina",403,401,443,451,600,585,651,638,623,621,670,737,0,0,0,0,0,0,0,0,0,0,0
"Drexel","Burke County","North Carolina",1866,1858,1938,1746,1392,1431,1146,988,681,781,392,0,0,0,0,0,0,0,0,0,0,0,0
"Dublin","Bladen County","North Carolina",335,338,250,246,477,283,366,243,325,189,99,0,0,0,0,0,0,0,0,0,0,0,0
"Duck","Dare County","North Carolina",378,369,0,0,0,0,0,0,0,0,0,0,0,0,0,0,0,0,0,0,0,0,0
"Dunn","Harnett County","North Carolina",9710,9263,9196,8336,8962,8302,7566,6316,5256,4558,2805,1823,1072,419,0,0,0,0,0,0,0,0,0
"Durham","Durham County","North Carolina",251893,228330,187035,136611,101149,95438,78302,71311,60195,52037,21719,18241,6679,5485,2041,0,0,0,0,0,0,0,0
"Earl","Cleveland County","North Carolina",258,260,234,230,206,0,0,0,0,0,0,0,0,0,0,0,0,0,0,0,0,0,0
"East Arcadia","Bladen County","North Carolina",480,487,524,468,461,0,0,0,0,0,0,0,0,0,0,0,0,0,0,0,0,0,0
"East Bend","Yadkin County","North Carolina",602,612,659,619,602,485,446,475,494,470,508,522,444,0,0,0,0,0,0,0,0,0,0
"East Laurinburg","Scotland County","North Carolina",290,300,295,302,536,487,695,745,890,813,541,577,0,0,0,0,0,0,0,0,0,0,0
"East Spencer","Rowan County","North Carolina",1545,1534,1755,2055,2150,2217,2171,2444,2181,2098,2239,1729,0,0,0,0,0,0,0,0,0,0,0
"Eastover","Cumberland County","North Carolina",3687,3628,1376,1243,1075,0,0,0,0,0,0,0,0,0,0,0,0,0,0,0,0,0,0
"Eden","Rockingham County","North Carolina",15407,15527,15908,15238,15672,15871,3382,0,0,0,0,0,0,0,0,0,0,0,0,0,0,0,0
"Edenton","Chowan County","North Carolina",4915,5004,5394,5268,5357,4956,4458,4468,3835,3563,2777,2789,3046,2205,1382,1243,1504,1607,0,0,1561,0,1302
"Elizabeth City","Pasquotank County","North Carolina",18047,18683,17188,14292,14004,14381,14062,12685,11564,10037,8925,8412,6348,3251,2315,930,0,0,0,0,0,0,0
"Elizabethtown","Bladen County","North Carolina",3608,3583,3698,3704,3551,1418,1625,1611,1123,765,335,117,144,0,212,62,0,0,0,0,0,0,0
"Elk Park","Avery County","North Carolina",445,452,459,486,535,503,460,545,467,488,452,377,498,313,0,0,0,0,0,0,0,0,0
"Elkin","Surry County","North Carolina",4001,4001,4109,3790,2858,2899,2868,2842,2734,2357,1195,886,860,288,137,0,0,0,0,0,0,0,0
"Ellenboro","Rutherford County","North Carolina",858,873,479,514,560,465,492,537,471,431,333,293,172,0,0,0,0,0,0,0,0,0,0
"Ellerbe","Richmond County","North Carolina",1012,1054,1021,1132,1129,913,843,773,693,615,473,0,0,0,0,0,0,0,0,0,0,0,0
"Elm City","Wilson County","North Carolina",1345,1298,1165,1624,1561,1201,729,839,946,905,725,590,560,482,313,0,0,0,0,0,0,0,0
"Elon","Alamance County","North Carolina",9630,9419,6738,4394,2873,2150,1284,1109,494,373,425,200,638,0,0,0,0,0,0,0,0,0,0
"Emerald Isle","Carteret County","North Carolina",3717,3655,3488,2434,865,122,14,0,0,0,0,0,0,0,0,0,0,0,0,0,0,0,0
"Enfield","Halifax County","North Carolina",2448,2532,2347,3082,2995,3272,2978,2361,2208,2234,1648,1167,361,568,504,0,0,0,0,0,0,0,0
"Erwin","Harnett County","North Carolina",4614,4405,4537,4061,2828,2852,3183,3344,0,0,0,0,0,0,0,0,0,0,0,0,0,0,0
"Eureka","Wayne County","North Carolina",200,197,244,282,303,263,246,192,194,198,187,162,123,0,0,0,0,0,0,0,0,0,0
"Everetts","Martin County","North Carolina",159,164,179,143,213,198,225,244,265,270,230,146,127,0,0,0,0,0,0,0,0,0,0
"Fair Bluff","Columbus County","North Carolina",920,951,1181,1068,1095,1039,1030,1056,970,806,397,441,328,243,218,0,0,0,0,0,0,0,0
"Fairmont","Robeson County","North Carolina",2700,2663,2604,2489,2658,2827,2286,2319,1993,1314,1000,730,432,0,0,0,0,0,0,0,0,0,0
"Fairview","Buncombe County","North Carolina",3612,3324,2495,1830,0,0,0,0,0,0,0,0,0,0,0,0,0,0,0,0,0,0,0
"Faison","Duplin County","North Carolina",992,961,744,701,636,598,666,768,751,589,477,519,308,256,0,0,0,0,0,0,0,0,0
"Faith","Rowan County","North Carolina",808,807,695,553,552,506,494,490,449,431,348,352,0,0,0,0,0,0,0,0,0,0,0
"Falcon","Cumberland County","North Carolina",269,258,328,216,339,357,235,245,206,279,200,0,0,0,0,0,0,0,0,0,0,0,0
"Falkland","Pitt County","North Carolina",98,96,112,108,118,130,140,174,188,187,198,132,139,61,0,0,0,0,0,0,0,0,0
"Fallston","Cleveland County","North Carolina",602,607,603,498,614,301,0,0,0,0,0,0,0,0,0,0,0,0,0,0,0,0,0
"Farmville","Pitt County","North Carolina",4771,4654,4302,4392,4707,4424,3997,2942,2980,2056,1780,816,262,140,111,0,0,0,0,0,0,0,0
"Fayetteville","Cumberland County","North Carolina",203948,200564,121015,75695,59507,53510,47106,34715,17428,13049,8877,7045,4670,4222,3485,4660,4790,4646,4285,2868,3532,0,1656
"Flat Rock","Surry County","North Carolina",3264,3114,2565,1812,1922,1688,1808,0,0,0,0,0,0,0,0,0,0,0,0,0,0,0,0
"Fletcher","Henderson County","North Carolina",7487,7187,4185,2787,0,0,0,0,0,0,0,0,0,0,0,0,0,0,0,0,0,0,0
"Fontana Dam","Graham County","North Carolina",7,0,0,0,0,0,0,0,0,0,0,0,0,0,0,0,0,0,0,0,0,0,0
"Forest City","Rutherford County","North Carolina",7324,7476,7549,7475,7688,7179,6556,4971,5035,4069,2312,1592,1090,419,110,0,0,0,0,0,0,0,0
"Forest Hills","Jackson County","North Carolina",369,365,330,0,0,0,0,0,0,0,0,0,0,0,0,0,0,0,0,0,0,0,0
"Fountain","Pitt County","North Carolina",437,427,533,445,424,434,496,451,483,360,243,189,0,0,0,0,0,0,0,0,0,0,0
"Four Oaks","Johnston County","North Carolina",2030,1921,1424,1308,1049,1057,1010,942,828,684,583,329,171,62,0,0,0,0,0,0,0,0,0
"Foxfire","Moore County","North Carolina",960,902,474,334,153,0,0,0,0,0,0,0,0,0,0,0,0,0,0,0,0,0,0
"Franklin","Macon County","North Carolina",3900,3845,3490,2873,2640,2336,2173,1975,1249,1094,773,379,335,281,207,0,0,0,0,0,0,0,0
"Franklinton","Franklin County","North Carolina",2105,2023,1745,1615,1394,1459,1513,1414,1273,1320,1058,809,761,583,484,305,160,0,0,0,0,0,0
"Franklinville","Randolph County","North Carolina",1160,1164,1258,666,607,794,686,778,851,676,631,0,0,0,366,0,0,0,0,0,0,0,0
"Fremont","Wayne County","North Carolina",1280,1255,1463,1710,1736,1596,1609,1395,1264,1316,1294,951,435,377,246,0,0,0,0,0,0,0,0
"Fuquay-Varina","Wake County","North Carolina",22644,17937,7898,4562,3110,3576,3389,1992,1323,963,555,127,0,0,0,0,0,0,0,0,0,0,0
"Gamewell","Caldwell County","North Carolina",3969,4051,3644,3357,0,0,0,0,0,0,0,0,0,0,0,0,0,0,0,0,0,0,0
"Garland","Sampson County","North Carolina",635,625,808,746,885,656,642,539,484,509,301,0,0,0,0,0,0,0,0,0,0,0,0
"Garner","Wake County","North Carolina",27814,25745,17757,14967,10073,4923,3451,1180,768,476,376,284,0,0,0,0,0,0,0,0,0,0,0
"Garysburg","Northampton County","North Carolina",984,1057,1254,1057,1434,231,181,344,320,284,203,169,269,0,97,0,0,0,0,0,0,0,0
"Gaston","Northampton County","North Carolina",1076,1152,973,1003,883,1105,1214,1218,0,0,0,0,0,0,0,110,0,274,0,0,0,0,0
"Gastonia","Gaston County","North Carolina",73698,71741,66277,54732,47218,47322,37276,23069,21313,17093,12871,5759,4610,1033,236,0,0,0,0,0,0,0,0
"Gatesville","Gates County","North Carolina",305,321,281,308,363,338,460,323,297,320,0,203,200,232,187,156,0,0,0,0,0,0,0
"Gibson","Scotland County","North Carolina",522,540,584,532,533,502,501,609,435,417,264,0,0,0,0,0,0,0,0,0,0,0,0
"Gibsonville","Alamance/Guilford County","North Carolina",6697,6410,4372,3441,2865,2019,1784,1866,1753,1605,1302,1162,521,0,111,0,0,0,0,0,0,0,0
"Glen Alpine","Burke County","North Carolina",1499,1517,1090,563,645,797,734,695,665,529,346,308,137,252,0,0,0,0,0,0,0,0,0
"Godwin","Cumberland County","North Carolina",144,139,112,77,233,129,149,145,123,136,90,102,0,0,0,0,0,0,0,0,0,0,0
"Goldsboro","Wayne County","North Carolina",35947,36437,39043,40709,31871,26960,28873,21454,17274,14985,11296,6107,5877,4017,3286,1134,885,0,0,0,0,0,0
"Goldston","Chatham County","North Carolina",290,268,319,299,353,364,374,372,416,312,289,240,0,0,0,0,0,0,0,0,0,0,0
"Graham","Alamance County","North Carolina",14479,14153,12833,10426,8674,8172,7723,5026,4339,2972,2366,2504,2052,991,379,502,0,0,0,0,0,0,0
"Grandfather","Avery County","North Carolina",25,25,73,34,0,0,0,0,0,0,0,0,0,0,0,0,0,0,0,0,0,0,0
"Granite Falls","Caldwell County","North Carolina",4673,4722,4612,3253,2580,2388,2644,2286,1873,2147,1101,381,277,207,0,0,0,0,0,0,0,0,0
"Granite Quarry","Rowan County","North Carolina",2984,2930,2175,1646,1294,1344,1059,591,555,507,466,363,0,0,0,0,0,0,0,0,0,0,0
"Grantsboro","Pamlico County","North Carolina",673,688,0,0,0,0,0,0,0,0,0,0,0,0,0,0,0,0,0,0,0,0,0
"Green Level","Alamance County","North Carolina",2135,2100,2042,0,0,0,0,0,0,0,0,0,0,0,0,0,0,0,0,0,0,0,0
"Greenevers","Duplin County","North Carolina",656,634,560,512,477,424,0,0,0,0,0,0,0,0,0,0,0,0,0,0,0,0,0
"Greensboro","Guilford County","North Carolina",282586,269666,223891,183521,155642,144076,119574,74389,59319,53569,19861,15895,10035,3317,2105,497,0,0,0,0,0,0,0
"Greenville","Pitt County","North Carolina",89852,84554,60476,44972,35740,29063,22860,16724,12674,9194,5772,4101,2565,1937,912,601,828,1893,0,0,0,0,174
"Grifton","Lenoir/Pitt County","North Carolina",2679,2617,2073,2393,2179,1860,1816,510,456,403,375,291,229,121,0,0,0,0,0,0,0,0,0
"Grimesland","Pitt County","North Carolina",446,441,440,469,453,394,362,414,405,377,463,330,277,0,0,0,0,0,0,0,0,0,0
"Grover","Cleveland County","North Carolina",703,708,698,516,597,555,538,535,469,435,296,209,174,126,0,0,0,0,0,0,0,0,0
"Halifax","Halifax County","North Carolina",227,234,344,327,253,335,370,346,374,321,299,314,306,361,376,429,192,0,0,0,0,0,382
"Hamilton","Martin County","North Carolina",386,408,516,544,638,579,565,514,524,508,474,452,493,781,369,200,242,0,0,0,0,0,0
"Hamlet","Richmond County","North Carolina",6513,6495,6018,6196,4720,4627,4460,5061,5111,4801,3808,2173,639,0,0,0,0,0,0,0,0,0,0
"Harmony","Iredell County","North Carolina",552,531,526,431,470,377,322,374,348,337,0,0,0,0,0,0,0,0,0,0,0,0,0
"Harrells","Sampson County","North Carolina",206,202,187,187,255,249,259,147,0,0,0,0,0,0,68,0,0,0,0,0,0,0,0
"Harrellsville","Hertford County","North Carolina",106,106,102,106,151,165,171,167,154,159,131,140,109,110,0,0,0,0,0,0,0,0,0
"Harrisburg","Cabarrus County","North Carolina",14132,11526,4493,1625,1433,0,0,0,0,0,0,0,0,0,0,0,0,0,0,0,0,0,0
"Hassell","Martin County","North Carolina",82,84,72,95,109,160,147,137,150,169,85,90,0,0,0,0,0,0,0,0,0,0,0
"Havelock","Craven County","North Carolina",20706,20735,22442,20268,17718,3012,2433,0,0,0,0,0,0,0,0,0,0,0,0,0,0,0,0
"Haw River","Alamance County","North Carolina",2373,2298,1908,1855,1858,0,0,0,0,0,0,0,0,317,0,0,0,0,0,0,0,0,0
"Hayesville","Clay County","North Carolina",348,311,297,279,376,428,428,356,336,305,257,0,0,0,0,35,0,0,0,0,0,0,0
"Hemby Bridge","Union County","North Carolina",1645,1520,897,0,0,0,0,0,0,0,0,0,0,0,0,0,0,0,0,0,0,0,0
"Henderson","Vance County","North Carolina",15265,15368,16095,15655,13522,13896,12740,10996,7647,6345,5222,4503,3746,4191,1421,1635,1740,0,0,0,0,0,0
"Hendersonville","Henderson County","North Carolina",13650,13137,10420,7284,6862,6443,5911,6103,5381,5070,3729,2818,1917,1216,554,278,186,0,0,0,0,0,0
"Hertford","Perquimans County","North Carolina",2140,2143,2070,2105,1941,2023,2068,2096,1959,1914,1704,1841,1382,733,661,486,0,369,0,0,0,0,0
"Hickory","Catawba County","North Carolina",40143,40010,37222,28301,20757,20569,19328,14755,13487,7363,5076,3716,2535,2023,0,0,0,0,0,0,0,0,0
"High Point","Guilford County","North Carolina",108629,104371,85839,69496,63479,63229,62063,39973,38495,36745,14302,9525,4163,0,0,0,0,0,0,0,0,0,0
"High Shoals","Gaston County","North Carolina",713,696,729,605,586,0,0,0,0,0,0,0,0,0,0,0,0,0,0,0,0,0,0
"Highlands","Macon County","North Carolina",926,924,909,948,653,583,597,515,569,443,267,249,233,0,82,0,0,0,0,0,0,0,0
"Hildebran","Burke County","North Carolina",2000,2023,1472,790,628,481,518,529,357,246,172,140,109,0,0,0,0,0,0,0,0,0,0
"Hillsborough","Orange County","North Carolina",6388,6087,5446,4263,3019,1444,1349,1329,1311,1232,1180,857,707,662,781,809,751,582,0,0,0,0,0
"Hobgood","Halifax County","North Carolina",338,348,404,435,483,530,630,603,629,557,336,165,122,0,0,0,0,0,0,0,0,0,0
"Hoffman","Richmond County","North Carolina",578,588,624,348,389,434,344,398,395,569,385,175,184,0,0,0,0,0,0,0,0,0,0
"Holden Beach","Brunswick County","North Carolina",619,575,787,626,232,136,0,0,0,0,0,0,0,0,0,0,0,0,0,0,0,0,0
"Holly Ridge","Onslow County","North Carolina",1944,1268,831,728,465,415,731,1082,0,0,0,0,0,0,0,0,0,0,0,0,0,0,0
"Holly Springs","Wake County","North Carolina",30157,24661,9192,908,688,697,558,406,394,362,333,261,219,218,0,0,0,0,0,0,0,0,0
"Hookerton","Greene County","North Carolina",403,409,467,422,460,441,358,253,319,307,294,204,139,173,179,163,0,0,0,0,0,0,0
"Hope Mills","Cumberland County","North Carolina",16301,15176,11237,8184,5412,1866,1109,1077,900,971,783,964,881,456,0,0,0,0,0,0,0,0,0
"Hot Springs","Madison County","North Carolina",563,560,645,478,678,653,723,721,773,637,495,443,445,695,0,0,0,0,0,0,0,0,0
"Hudson","Caldwell County","North Carolina",3727,3776,3078,2819,2888,2820,1536,922,748,650,403,411,0,0,0,0,0,0,0,0,0,0,0
"Huntersville","Mecklenburg County","North Carolina",51567,46773,24960,3014,1294,1538,1004,916,763,800,833,591,533,431,0,0,0,0,0,0,0,0,0
"Indian Beach","Carteret County","North Carolina",116,112,95,153,54,0,0,0,0,0,0,0,0,0,0,0,0,0,0,0,0,0,0
"Indian Trail","Union County","North Carolina",36360,33518,11905,1942,811,405,364,308,225,209,224,154,0,0,0,0,0,0,0,0,0,0,0
"Jackson","Northampton County","North Carolina",483,513,695,592,720,762,765,853,758,677,579,527,441,750,255,181,0,300,0,0,0,0,0
"Jacksonville","Onslow County","North Carolina",69047,70145,66715,30013,18237,16289,13491,3960,873,783,656,505,309,170,94,60,0,0,0,0,0,0,0
"Jamestown","Guilford County","North Carolina",3663,3382,3088,2600,2148,1297,1247,748,0,0,0,0,0,0,90,0,0,0,0,0,0,0,0
"Jamesville","Martin County","North Carolina",470,491,502,612,604,533,538,529,499,344,389,398,235,346,299,150,46,0,0,0,0,0,0
"Jefferson","Ashe County","North Carolina",1600,1611,1422,1300,1086,943,814,359,304,266,196,184,230,413,196,0,128,0,0,0,0,0,0
"Jonesville","Yadkin County","North Carolina",2266,2285,1464,1549,1752,1659,1895,1768,1733,1306,787,621,0,0,220,0,0,0,0,0,0,0,0
"Kannapolis","Cabarrus/Rowan County","North Carolina",45245,42625,36910,29696,0,0,0,0,0,0,0,0,0,0,0,0,0,0,0,0,0,0,0
"Kelford","Bertie County","North Carolina",238,251,245,204,254,295,362,405,456,458,223,316,167,0,0,0,0,0,0,0,0,0,0
"Kenansville","Duplin County","North Carolina",876,855,1149,856,931,762,724,674,571,450,302,270,271,291,376,0,0,0,0,0,0,0,0
"Kenly","Johnston County","North Carolina",1420,1339,1569,1549,1433,1370,1147,1129,1095,965,827,726,260,137,0,0,0,0,0,0,0,0,0
"Kernersville","Forsyth County","North Carolina",23739,23123,17126,10836,5875,4815,2942,2396,2103,1754,1219,1128,652,900,585,0,0,0,0,0,0,0,0
"Kill Devil Hills","Dare County","North Carolina",6931,6683,5897,4238,1671,357,268,0,0,0,0,0,0,0,0,0,0,0,0,0,0,0,0
"King","Stokes County","North Carolina",6887,6904,5952,4059,0,0,0,0,0,0,0,0,0,0,0,0,0,0,0,0,0,0,0
"Kings Mountain","Cleveland/Gaston County","North Carolina",10644,10296,9693,8763,9080,8465,8008,7206,6547,5632,2800,2218,2062,429,337,0,0,0,0,0,0,0,0
"Kingstown","Cleveland County","North Carolina",676,681,845,956,0,0,0,0,0,0,0,0,0,0,0,0,0,0,0,0,0,0,0
"Kinston","Lenoir County","North Carolina",21392,21677,23688,25295,25234,23020,24819,18336,15388,11362,9771,6995,4106,1726,1216,1103,1333,455,0,0,0,0,107
"Kittrell","Vance County","North Carolina",471,467,148,228,225,427,121,189,184,220,223,242,168,317,0,0,0,0,0,0,0,0,0
"Kitty Hawk","Dare County","North Carolina",3395,3272,2991,1937,0,0,0,0,0,0,0,0,0,0,0,0,0,0,0,0,0,0,0
"Knightdale","Wake County","North Carolina",13871,11401,5958,1884,985,815,622,461,352,243,0,0,0,0,0,0,0,0,0,0,0,0,0
"Kure Beach","New Hanover County","North Carolina",2081,2012,1507,619,611,394,293,228,0,0,0,0,0,0,0,0,0,0,0,0,0,0,0
"La Grange","Lenoir County","North Carolina",2827,2873,2844,2805,3147,2679,2133,1852,1647,1500,1399,1007,853,775,522,0,0,0,0,0,0,0,0
"Lake Lure","Rutherford County","North Carolina",1186,1192,1027,691,488,456,233,174,212,204,0,0,0,0,0,0,0,0,0,0,0,0,0
"Lake Park","Union County","North Carolina",3720,3422,2093,0,0,0,0,0,0,0,0,0,0,0,0,0,0,0,0,0,0,0,0
"Lake Santeetlah","Graham County","North Carolina",44,45,67,47,0,0,0,0,0,0,0,0,0,0,0,0,0,0,0,0,0,0,0
"Lake Waccamaw","Columbus County","North Carolina",1472,1480,1411,954,1133,924,780,575,429,405,237,0,0,0,0,0,0,0,0,0,0,0,0
"Landis","Rowan County","North Carolina",3108,3109,2996,2333,2092,2297,1763,1827,1650,1388,972,437,0,0,0,0,0,0,0,0,0,0,0
"Lansing","Ashe County","North Carolina",156,158,151,171,194,283,278,0,0,0,0,0,0,0,0,0,0,0,0,0,0,0,0
"Lasker","Northampton County","North Carolina",115,122,103,139,96,114,119,177,169,201,106,203,121,0,0,0,0,0,0,0,0,0,0
"Lattimore","Cleveland County","North Carolina",486,488,419,183,237,257,257,286,342,270,262,297,108,0,0,0,0,0,0,0,0,0,0
"Laurel Park","Henderson County","North Carolina",2278,2180,1835,1322,764,581,421,302,171,127,0,0,0,0,0,0,0,0,0,0,0,0,0
"Laurinburg","Scotland County","North Carolina",15593,15962,15874,11643,11480,8859,8242,7134,5685,3312,2643,2322,1334,1357,968,0,0,0,0,0,0,0,0
"Lawndale","Cleveland County","North Carolina",595,606,642,573,469,544,723,964,1006,728,774,568,0,0,0,0,0,0,0,0,0,0,0
"Leggett","Edgecombe County","North Carolina",59,60,77,108,99,120,0,0,0,0,0,0,0,0,0,0,0,0,0,0,0,0,0
"Leland","Brunswick County","North Carolina",17015,13527,1938,1801,0,0,0,0,0,0,0,0,0,0,0,0,0,0,0,0,0,0,0
"Lenoir","Caldwell County","North Carolina",17920,18228,16793,14192,13748,14705,10257,7888,7598,6532,3718,3364,1296,673,422,446,0,0,0,0,0,0,0
"Lewiston Woodville","Bertie County","North Carolina",514,549,613,788,0,327,360,339,304,412,244,262,163,373,0,0,0,0,0,0,0,0,0
"Lewisville","Forsyth County","North Carolina",13342,12639,8826,3206,4547,0,0,0,0,0,0,0,0,439,48,0,0,0,0,0,0,0,0
"Lexington","Davidson County","North Carolina",19257,18931,19953,16581,15711,17205,16093,13571,10550,9652,5234,4163,1440,626,475,475,0,0,0,0,0,0,0
"Liberty","Randolph County","North Carolina",2680,2656,2661,2047,1997,2167,1438,1342,922,873,636,474,304,366,0,0,0,0,0,0,0,0,0
"Lilesville","Anson County","North Carolina",514,536,459,468,588,641,635,605,556,496,440,386,213,222,192,0,0,0,0,0,0,0,0
"Lillington","Harnett County","North Carolina",3449,3194,2915,2048,1948,1155,1242,1061,914,752,503,380,65,0,98,0,0,0,0,0,0,0,0
"Lincolnton","Lincoln County","North Carolina",10732,10486,9965,6847,4879,5293,5699,5423,4525,3781,3300,2413,828,957,708,886,848,0,836,0,0,0,92
"Linden","Cumberland County","North Carolina",134,130,127,180,365,205,157,194,224,174,191,0,0,0,0,0,0,0,0,0,0,0,0
"Littleton","Halifax County","North Carolina",652,674,692,691,820,903,1024,1173,1200,1133,1010,1152,0,534,113,0,0,0,0,0,0,0,0
"Locust","Stanly County","North Carolina",2955,2930,2416,1940,1590,0,211,216,151,103,95,0,0,0,35,0,0,0,0,0,0,0,0
"Long View","Burke/Catawba County","North Carolina",4879,4871,4722,3229,3587,3360,2997,2291,1489,1262,755,243,0,0,0,0,0,0,0,0,0,0,0
"Louisburg","Franklin County","North Carolina",3547,3359,3111,3037,3238,2941,2862,2545,2309,2182,1954,1775,1178,667,730,750,0,0,0,0,0,0,56
"Love Valley","Iredell County","North Carolina",98,90,30,67,55,40,0,0,0,0,0,0,0,0,0,0,0,0,0,0,0,0,0
"Lowell","Gaston County","North Carolina",3613,3526,2662,2704,2917,3307,2784,2313,1826,1664,1151,876,290,0,35,0,0,0,0,0,0,0,0
"Lucama","Wilson County","North Carolina",1129,1108,847,933,1070,610,498,405,362,363,316,266,236,0,0,0,0,0,0,0,0,0,0
"Lumber Bridge","Robeson County","North Carolina",93,94,118,109,171,117,100,154,196,214,202,165,181,0,0,0,0,0,0,0,0,0,0
"Lumberton","Robeson County","North Carolina",21716,21542,20795,18601,18241,16961,15305,9186,5803,4140,2691,2230,849,584,533,615,0,0,0,0,0,0,173
"Macclesfield","Edgecombe County","North Carolina",457,471,458,493,504,536,0,0,0,0,0,0,0,0,0,0,0,0,0,0,0,0,0
"Macon","Warren County","North Carolina",116,119,115,154,153,179,187,238,197,227,149,189,157,0,0,0,0,0,0,0,0,0,0
"Madison","Rockingham County","North Carolina",2194,2246,2262,2371,2806,2018,1912,1789,1683,1497,1247,1033,813,450,361,295,0,0,0,0,0,0,0
"Maggie Valley","Haywood County","North Carolina",1247,1150,607,185,202,0,0,0,0,0,0,0,0,0,0,0,0,0,0,0,0,0,0
"Magnolia","Duplin County","North Carolina",959,939,932,747,592,614,629,585,730,802,694,653,454,460,403,0,0,0,0,0,0,0,0
"Maiden","Catawba County","North Carolina",3354,3310,3282,2574,2574,2416,2039,1952,1803,1628,1266,664,614,264,0,0,0,0,0,0,0,0,0
"Manteo","Dare County","North Carolina",1366,1434,1052,991,902,547,587,635,571,547,394,408,312,0,0,0,0,0,0,0,0,0,0
"Marietta","Robeson County","North Carolina",177,175,164,206,0,0,0,0,0,0,0,0,0,0,0,0,0,0,0,0,0,0,0
"Marion","McDowell County","North Carolina",7885,7838,4943,4765,3684,3335,3345,2740,2889,2467,1784,1519,1116,799,372,0,0,0,0,0,0,0,0
"Mars Hill","Madison County","North Carolina",2228,1869,1764,1611,2126,1623,1574,1404,517,455,364,301,289,0,0,0,0,0,0,0,0,0,0
"Marshall","Madison County","North Carolina",877,872,840,809,809,982,926,983,1160,1132,748,802,337,203,175,0,0,0,0,0,0,0,0
"Marshville","Union County","North Carolina",2596,2402,2360,2020,2011,1405,1360,1258,1007,933,828,499,349,0,0,0,0,0,0,0,0,0,0
"Marvin","Union County","North Carolina",6060,5579,1039,0,0,0,0,0,0,0,0,0,0,0,0,0,0,0,0,0,0,0,0
"Matthews","Mecklenburg County","North Carolina",30008,27198,22127,13651,1648,783,609,589,486,454,310,396,378,335,191,0,0,0,0,0,0,0,0
"Maxton","Robeson County","North Carolina",2455,2426,2551,2373,2711,1885,1755,1974,1656,1386,1397,1321,935,694,0,0,0,0,0,0,0,0,0
"Mayodan","Rockingham County","North Carolina",2464,2478,2417,2471,2627,2875,2366,2246,2323,1948,1886,874,904,0,0,0,0,0,0,0,0,0,0
"Maysville","Jones County","North Carolina",1011,1019,1002,892,877,912,892,818,732,797,536,345,98,0,0,0,0,0,0,0,0,0,0
"McAdenville","Gaston County","North Carolina",667,651,619,830,947,950,748,1060,887,914,1162,983,1144,0,0,0,0,0,0,0,0,0,0
"McDonald","Robeson County","North Carolina",114,113,119,88,117,80,79,78,127,141,120,0,0,0,0,0,0,0,0,0,0,0,0
"McFarlan","Anson County","North Carolina",113,117,89,98,133,140,161,136,184,138,219,186,112,0,0,0,0,0,0,0,0,0,0
"Mebane","Alamance/Orange County","North Carolina",13277,11393,7284,4754,2782,2573,2364,2068,2060,1568,1351,693,218,0,0,0,0,0,0,0,0,0,0
"Mesic","Pamlico County","North Carolina",215,220,257,310,390,0,0,0,0,0,0,0,0,0,0,0,0,0,0,0,0,0,0
"Micro","Johnston County","North Carolina",473,441,454,417,438,300,350,310,289,222,183,74,61,0,0,0,0,0,0,0,0,0,0
"Middleburg","Vance County","North Carolina",131,133,162,131,185,149,170,217,181,138,104,117,169,0,84,0,0,0,0,0,0,0,0
"Middlesex","Nash County","North Carolina",816,822,838,730,837,729,588,446,545,559,697,467,0,0,0,0,0,0,0,0,0,0,0
"Midland","Cabarrus County","North Carolina",3302,3073,0,0,0,0,0,0,0,0,0,0,0,0,0,0,0,0,0,0,0,0,0
"Midway","Davidson County","North Carolina",4724,4679,0,0,0,0,0,0,0,0,0,0,0,0,0,0,0,0,0,0,0,0,0
"Mills River","Henderson County","North Carolina",7085,6802,0,0,0,0,0,0,0,0,0,0,0,0,0,0,0,0,0,0,0,0,0
"Milton","Caswell County","North Carolina",161,166,132,185,235,235,235,317,329,314,375,419,490,705,613,0,0,0,0,0,0,0,0
"Mineral Springs","Union County","North Carolina",2851,2639,1370,0,0,0,0,0,0,114,84,0,0,0,0,0,0,0,0,0,0,0,0
"Minnesott Beach","Pamlico County","North Carolina",435,440,311,266,171,0,0,0,0,0,0,0,0,0,0,0,0,0,0,0,0,0,0
"Mint Hill","Mecklenburg County","North Carolina",25076,22722,14922,11567,7915,0,0,0,0,0,0,194,192,0,0,0,0,0,0,0,0,0,0
"Misenheimer","Stanly County","North Carolina",684,728,0,0,0,0,0,0,0,0,0,0,0,0,0,0,0,0,0,0,0,0,0
"Mocksville","Davie County","North Carolina",5104,5051,4178,3399,2637,2529,2379,1909,1607,1503,1146,1063,745,0,562,300,710,0,0,0,0,0,0
"Momeyer","Nash County","North Carolina",221,224,291,0,0,0,0,0,0,0,0,0,0,0,0,0,0,0,0,0,0,0,0
"Monroe","Union County","North Carolina",34331,32797,26228,16127,12639,11282,10882,10240,6475,6100,4084,4082,2427,1866,1564,1344,239,204,0,0,0,0,0
"Montreat","Buncombe County","North Carolina",699,723,630,693,741,581,0,0,0,0,0,0,0,0,0,0,0,0,0,0,0,0,0
"Mooresboro","Cleveland County","North Carolina",309,311,314,294,405,0,0,0,0,270,228,0,144,197,0,0,0,0,0,0,0,0,0
"Mooresville","Iredell County","North Carolina",35300,32711,18823,9317,8575,8808,6918,7121,6682,5619,4315,3400,1533,886,508,0,0,0,0,0,0,0,0
"Morehead City","Carteret County","North Carolina",9258,8661,7691,6046,4359,5233,5583,5144,3695,3483,2958,2039,1379,1064,520,267,316,0,0,0,0,0,0
"Morganton","Burke County","North Carolina",16690,16918,17310,15085,13763,13625,9186,8311,7670,6001,2867,2712,1938,1557,861,554,0,558,0,0,0,0,0
"Morrisville","Wake County","North Carolina",22772,18576,5208,1022,251,209,222,221,0,161,166,151,100,149,165,0,0,0,0,0,0,0,0
"Morven","Anson County","North Carolina",484,511,579,590,765,562,518,601,602,590,631,498,447,0,0,0,0,0,0,0,0,0,0
"Mount Airy","Surry County","North Carolina",10383,10388,8484,7156,6862,7325,7055,7192,6286,6045,4752,3844,2680,1768,519,0,0,0,0,0,0,0,0
"Mount Gilead","Montgomery County","North Carolina",1173,1181,1389,1336,1423,1286,1229,1201,915,1011,975,723,395,0,0,0,0,0,0,0,0,0,0
"Mount Holly","Gaston County","North Carolina",14016,13656,9618,7710,4530,5107,4037,2241,2055,2254,1160,526,630,472,0,0,0,0,0,0,0,0,0
"Mount Olive","Wayne County","North Carolina",4713,4589,4567,4582,4876,4914,4673,3732,2929,2685,2297,1071,617,393,0,0,0,0,0,0,0,0,0
"Mount Pleasant","Cabarrus County","North Carolina",1779,1652,1259,1027,1210,1174,1041,1019,1017,838,770,753,444,375,314,0,0,0,0,0,0,0,0
"Murfreesboro","Hertford County","North Carolina",2880,2835,2045,2580,3007,4418,2643,2140,1550,1000,621,809,657,674,645,753,466,0,0,0,0,0,253
"Murphy","Cherokee County","North Carolina",1613,1627,1568,1575,2070,2082,2235,2433,1873,1612,1314,977,604,803,170,175,0,0,0,0,0,0,0
"Nags Head","Dare County","North Carolina",2840,2757,2700,1838,1020,414,0,0,0,39,0,0,0,0,0,0,0,0,0,0,0,0,0
"Nashville","Nash County","North Carolina",5464,5352,4309,3617,3033,1670,1423,1302,1171,1137,939,750,479,401,212,0,0,0,0,0,0,0,0
"Navassa","Brunswick County","North Carolina",1542,1505,479,445,439,0,0,0,0,0,0,0,0,0,0,0,0,0,0,0,0,0,0
"New Bern","Craven County","North Carolina",30291,29524,23128,17363,14557,14660,15717,15812,11815,11981,12198,9961,9090,7843,6443,5849,5432,4681,3690,3796,3663,0,2467
"New London","Stanly County","North Carolina",604,600,326,414,454,285,223,285,243,246,228,312,299,317,0,0,0,0,0,0,0,0,0
"Newland","Avery County","North Carolina",692,698,704,645,722,524,564,425,471,328,289,0,0,0,0,0,0,0,0,0,0,0,0
"Newport","Carteret County","North Carolina",4694,4150,3349,2516,1883,1735,861,676,480,481,404,321,328,218,165,121,0,0,0,0,0,0,0
"Newton","Catawba County","North Carolina",13005,12968,12560,9304,7624,7857,6658,6039,5407,4394,3021,2316,1583,1038,583,323,291,84,0,0,0,0,0
"Newton Grove","Sampson County","North Carolina",578,569,606,511,564,546,477,374,339,150,125,73,75,63,61,0,0,0,0,0,0,0,0
"Norlina","Warren County","North Carolina",1086,1118,1107,996,901,969,927,874,794,761,673,0,0,0,0,0,0,0,0,0,0,0,0
"Norman","Richmond County","North Carolina",134,138,72,105,252,157,220,300,327,240,0,0,0,0,0,0,0,0,0,0,0,0,0
"North Topsail Beach","Onslow County","North Carolina",735,743,843,0,0,0,0,0,0,0,0,0,0,0,0,0,0,0,0,0,0,0,0
"North Wilkesboro","Wilkes County","North Carolina",4242,4245,4116,3384,3275,3357,4197,4379,4478,3668,2363,1902,918,0,0,0,0,0,0,0,0,0,0
"Northwest","Brunswick County","North Carolina",764,735,671,0,0,0,0,0,0,0,0,0,0,0,0,0,0,0,0,0,0,0,0
"Norwood","Stanly County","North Carolina",2389,2379,2216,1617,1818,1896,1844,1735,1515,1452,1221,928,663,159,0,0,0,0,0,0,0,0,0
"Oak City","Martin County","North Carolina",302,317,339,389,475,559,574,518,512,481,397,251,115,0,0,0,0,0,0,0,0,0,0
"Oak Island","Brunswick County","North Carolina",7345,6783,6571,0,0,0,0,0,0,0,0,0,0,0,0,0,0,0,0,0,0,0,0
"Oak Ridge","Guilford County","North Carolina",6604,6185,3988,0,0,0,0,0,0,0,0,0,161,0,0,0,0,0,0,0,0,0,0
"Oakboro","Stanly County","North Carolina",1870,1859,1198,600,587,568,581,631,503,421,282,0,0,0,0,0,0,0,0,0,0,0,0
"Ocean Isle Beach","Brunswick County","North Carolina",582,550,426,523,143,78,5,0,0,0,0,0,0,0,0,0,0,0,0,0,0,0,0
"Old Fort","McDowell County","North Carolina",911,908,963,720,752,676,787,771,774,866,931,778,253,249,0,0,0,0,0,0,0,0,0
"Oriental","Pamlico County","North Carolina",895,900,875,786,536,445,522,590,535,601,607,645,300,0,0,0,0,0,0,0,0,0,0
"Orrum","Robeson County","North Carolina",92,91,79,103,167,162,139,162,173,209,86,214,0,0,0,0,0,0,0,0,0,0,0
"Ossipee","Alamance County","North Carolina",555,543,0,0,0,0,0,0,0,0,0,0,0,0,0,0,0,0,0,0,0,0,0
"Oxford","Granville County","North Carolina",8713,8461,8338,7913,7709,7178,6978,6685,3991,4101,3606,3018,2059,2907,1349,916,878,669,0,0,0,0,0
"Pantego","Beaufort County","North Carolina",177,179,170,171,185,218,262,275,294,329,335,324,253,151,71,0,0,0,0,0,0,0,0
"Parkton","Robeson County","North Carolina",440,436,428,367,564,550,906,527,441,436,382,219,0,0,0,0,0,0,0,0,0,0,0
"Parmele","Martin County","North Carolina",264,278,290,321,484,373,323,406,417,341,355,272,336,0,0,0,0,0,0,0,0,0,0
"Patterson Springs","Cleveland County","North Carolina",608,622,620,690,731,0,0,0,0,0,0,0,0,0,0,0,0,0,0,0,0,0,0
"Peachland","Anson County","North Carolina",421,437,554,384,506,556,563,485,390,203,196,232,156,58,0,0,0,0,0,0,0,0,0
"Peletier","Carteret County","North Carolina",654,644,487,0,0,0,0,0,0,0,0,0,0,0,0,0,0,0,0,0,0,0,0
"Pembroke","Robeson County","North Carolina",3011,2973,2399,2241,2698,1982,1372,1212,783,524,829,258,0,0,0,0,0,0,0,0,0,0,0
"Pikeville","Wayne County","North Carolina",693,678,719,598,662,580,525,464,425,449,333,210,168,0,122,0,0,0,0,0,0,0,0
"Pilot Mountain","Surry County","North Carolina",1469,1477,1281,1181,1090,1309,1310,1092,925,1010,707,652,710,0,0,0,0,0,0,0,0,0,0
"Pine Knoll Shores","Carteret County","North Carolina",1366,1339,1524,1360,646,0,0,0,0,0,0,0,0,0,0,0,0,0,0,0,0,0,0
"Pine Level","Johnston County","North Carolina",1818,1700,1313,1217,953,983,833,602,595,497,373,394,266,264,219,0,0,0,0,0,0,0,0
"Pinebluff","Moore County","North Carolina",1416,1337,1109,876,935,570,509,575,330,289,165,92,0,0,0,0,0,0,0,0,0,0,0
"Pinehurst","Moore County","North Carolina",15434,13124,9706,5103,0,1056,1124,1016,0,0,0,0,0,0,0,0,0,0,0,0,0,0,0
"Pinetops","Edgecombe County","North Carolina",1338,1374,1419,1514,1465,1379,1372,1031,713,603,465,211,0,0,0,0,0,0,0,0,0,0,0
"Pineville","Mecklenburg County","North Carolina",8236,7479,3449,2970,1525,1948,1514,1373,1144,1108,650,688,585,0,0,0,0,0,0,0,0,0,0
"Pink Hill","Lenoir County","North Carolina",542,552,521,547,644,522,457,386,307,188,166,58,0,0,0,0,0,0,0,0,0,0,0
"Pittsboro","Chatham County","North Carolina",4063,3743,2226,1436,1332,1447,1215,1094,826,675,584,502,424,0,0,0,0,0,0,0,0,0,0
"Pleasant Garden","Guilford County","North Carolina",4683,4489,4714,2228,1991,0,0,0,0,0,0,0,0,0,0,0,0,0,0,0,0,0,0
"Plymouth","Washington County","North Carolina",3711,3878,4107,4328,4571,4774,4666,4486,2461,2139,1847,2165,1011,1212,836,1389,872,951,0,0,0,0,0
"Polkton","Anson County","North Carolina",3157,3375,1195,662,762,845,530,459,521,534,575,287,276,247,183,0,0,0,0,0,0,0,0
"Polkville","Cleveland County","North Carolina",539,545,535,1514,528,0,0,0,0,0,0,0,0,0,0,0,0,0,0,0,0,0,0
"Pollocksville","Jones County","North Carolina",309,311,269,299,318,456,416,420,408,357,339,227,198,143,53,0,0,0,0,0,0,0,0
"Powellsville","Bertie County","North Carolina",262,276,259,103,320,247,259,250,267,194,157,75,44,0,0,0,0,0,0,0,0,0,0
"Princeton","Johnston County","North Carolina",1259,1194,1066,1181,1034,1044,948,608,512,509,403,354,281,248,0,0,0,0,0,0,0,0,0
"Princeville","Edgecombe County","North Carolina",2021,2082,940,1652,1508,654,797,919,818,614,562,627,552,428,0,0,0,0,0,0,0,0,0
"Proctorville","Robeson County","North Carolina",119,117,133,168,205,157,188,232,209,185,204,0,0,0,0,0,0,0,0,0,0,0,0
"Raeford","Hoke County","North Carolina",4797,4611,3386,3469,3630,3180,3058,2030,1628,1303,1235,580,0,0,0,0,0,0,0,0,0,0,0
"Raleigh","Wake County","North Carolina",439896,403892,276093,207951,150255,122830,93931,65679,46897,37379,24418,19218,13643,12678,9265,7790,4780,4518,2244,1700,2674,0,669
"Ramseur","Randolph County","North Carolina",1705,1692,1588,1186,1162,1328,1258,1134,1220,1220,1014,1022,769,0,0,0,0,0,0,0,0,0,0
"Randleman","Randolph County","North Carolina",4149,4113,3557,2612,2156,2312,2232,2066,2032,1863,1967,1950,2190,1754,1027,0,0,0,0,0,0,0,0
"Ranlo","Gaston County","North Carolina",3517,3434,2198,1650,1774,2092,0,0,0,0,0,0,0,0,0,0,0,0,0,0,0,0,0
"Raynham","Robeson County","North Carolina",73,72,67,106,83,0,0,0,0,0,0,0,0,0,0,0,0,0,0,0,0,0,0
"Red Cross","Stanly County","North Carolina",741,742,0,0,0,0,0,0,0,0,0,0,0,0,0,0,0,0,0,0,0,0,0
"Red Oak","Nash County","North Carolina",3430,3430,2723,280,314,359,0,0,0,0,0,0,0,0,0,0,0,0,0,0,0,0,0
"Red Springs","Robeson County","North Carolina",3452,3428,3493,3799,3607,3383,2767,2245,1559,1300,1018,1089,858,0,0,0,0,0,0,0,0,0,0
"Reidsville","Rockingham County","North Carolina",14073,14520,14485,12183,12492,13636,14267,11708,10387,6851,5333,4828,3262,2969,1316,0,0,0,0,0,0,0,0
"Rennert","Robeson County","North Carolina",379,383,283,217,178,0,0,0,0,212,292,179,133,0,0,0,0,0,0,0,0,0,0
"Rhodhiss","Burke/Caldwell County","North Carolina",1049,1070,366,638,727,784,837,923,930,954,835,370,0,0,0,0,0,0,0,0,0,0,0
"Rich Square","Northampton County","North Carolina",908,958,931,1058,1057,1254,1134,971,942,800,475,367,232,643,63,0,0,0,0,0,0,0,0
"Richfield","Stanly County","North Carolina",611,613,515,535,373,306,293,237,266,221,177,210,73,0,0,0,0,0,0,0,0,0,0
"Richlands","Onslow County","North Carolina",1674,1520,928,996,825,935,1079,877,688,503,548,445,160,198,0,0,0,0,0,0,0,0,0
"River Bend","Craven County","North Carolina",3171,3119,2923,2408,0,0,0,0,0,0,0,0,0,0,0,0,0,0,0,0,0,0,0
"Roanoke Rapids","Halifax County","North Carolina",15495,15754,16957,15722,14702,13508,13320,8156,8545,3403,3369,1670,1009,0,0,0,0,0,0,0,0,0,0
"Robbins","Moore County","North Carolina",1174,1097,1195,970,1256,1059,1294,1158,972,0,0,0,0,0,0,0,0,0,0,0,0,0,0
"Robbinsville","Graham County","North Carolina",600,620,747,709,814,777,587,515,399,345,119,122,0,0,47,0,0,0,0,0,0,0,0
"Robersonville","Martin County","North Carolina",1430,1488,1731,1940,1981,1910,1684,1414,1407,1181,1199,616,275,228,148,0,0,0,0,0,0,0,0
"Rockingham","Richmond County","North Carolina",9276,9558,9672,9399,8300,5852,5512,3356,3657,2906,2509,2155,1507,0,0,454,0,0,0,0,0,0,0
"Rockwell","Rowan County","North Carolina",2136,2108,1971,1598,1339,999,948,852,825,696,453,249,0,0,0,0,0,0,0,0,0,0,0
"Rocky Mount","Edgecombe/Nash County","North Carolina",56325,57477,55893,48997,41526,34284,32147,27697,25568,21412,12742,8051,2937,816,552,357,0,0,0,0,0,0,0
"Rolesville","Wake County","North Carolina",5785,3786,907,572,381,533,358,288,0,0,0,170,155,150,115,0,0,0,0,0,0,0,0
"Ronda","Wilkes County","North Carolina",414,417,460,367,457,465,510,545,379,344,0,0,0,0,0,0,0,0,0,0,0,0,0
"Roper","Washington County","North Carolina",579,611,613,669,795,649,771,793,716,660,1043,819,0,0,0,0,0,0,0,0,0,0,0
"Rose Hill","Duplin County","North Carolina",1680,1626,1330,1287,1508,1448,1292,896,727,554,516,364,0,0,0,0,0,0,0,0,0,0,0
"Roseboro","Sampson County","North Carolina",1207,1191,1267,1441,1227,1235,1354,1241,939,768,749,183,63,0,0,0,0,0,0,0,0,0,0
"Rosman","Transylvania County","North Carolina",570,576,490,385,512,407,419,535,529,484,527,145,0,0,0,0,0,0,0,0,0,0,0
"Rowland","Robeson County","North Carolina",1052,1037,1146,1139,1841,1358,1408,1293,999,915,767,787,357,72,0,0,0,0,0,0,0,0,0
"Roxboro","Person County","North Carolina",8304,8362,8696,7332,7532,5370,5147,4321,4599,3657,1651,1425,1021,421,483,0,0,0,0,0,0,0,0
"Roxobel","Bertie County","North Carolina",227,240,263,244,278,347,452,394,332,334,330,491,227,0,0,0,0,0,0,0,0,0,0
"Rural Hall","Forsyth County","North Carolina",3077,2937,2464,1652,1336,0,0,0,0,0,0,0,0,0,0,0,0,0,0,0,0,0,0
"Ruth","Rutherford County","North Carolina",430,440,329,366,381,360,529,324,318,297,175,205,0,0,0,0,0,0,0,0,0,0,0
"Rutherford College","Burke County","North Carolina",1324,1341,1293,1126,1108,0,0,0,0,330,275,229,0,0,0,0,0,0,0,0,0,0,0
"Rutherfordton","Rutherford County","North Carolina",4172,4213,4131,3617,3434,3245,3392,3146,2326,2020,1693,1062,880,0,300,479,0,484,0,0,0,0,0
"Salemburg","Sampson County","North Carolina",436,435,469,409,742,669,569,435,371,318,215,0,0,0,0,0,0,0,0,0,0,0,0
"Salisbury","Rowan County","North Carolina",33710,33662,26462,23087,22677,22515,21297,20102,19037,16951,13884,7153,6277,4418,2723,0,2420,1086,0,1613,1234,0,645
"Saluda","Polk County","North Carolina",706,713,575,488,607,546,570,547,539,558,549,235,211,0,0,0,0,0,0,0,0,0,0
"Sandy Creek","Brunswick County","North Carolina",267,260,246,243,0,0,0,0,0,0,0,0,0,0,0,0,0,0,0,0,0,0,0
"Sandyfield","Columbus County","North Carolina",428,447,340,0,0,0,0,0,0,0,0,0,0,0,0,0,0,0,0,0,0,0,0
"Sanford","Lee County","North Carolina",29116,28094,23220,14475,14773,11716,12253,10013,4960,4253,2977,2282,1044,367,236,0,0,0,0,0,0,0,0
"Saratoga","Wilson County","North Carolina",407,408,379,342,381,391,409,366,292,0,0,136,123,102,81,0,0,0,0,0,0,0,0
"Sawmills","Caldwell County","North Carolina",5122,5240,4921,4088,0,0,0,0,0,0,0,0,0,0,0,0,0,0,0,0,0,0,0
"Scotland Neck","Halifax County","North Carolina",1990,2059,2362,2575,2834,2869,2974,2730,2559,2339,2061,1726,1348,778,482,0,0,0,0,0,0,0,0
"Seaboard","Northampton County","North Carolina",591,632,695,791,687,611,624,745,562,534,0,280,287,201,167,0,0,0,0,0,0,0,0
"Seagrove","Randolph County","North Carolina",229,228,246,244,294,354,323,319,316,245,189,0,0,0,0,0,0,0,0,0,0,0,0
"Sedalia","Guilford County","North Carolina",652,623,618,0,0,0,0,0,0,0,0,0,0,0,0,0,0,0,0,0,0,0,0
"Selma","Johnston County","North Carolina",6257,6073,5914,4600,4762,4356,3102,2639,2007,1857,1601,1331,816,527,256,0,0,0,0,0,0,0,0
"Seven Devils","Avery/Watauga County","North Carolina",198,192,129,117,54,0,0,0,0,0,0,0,0,0,0,0,0,0,0,0,0,0,0
"Seven Springs","Wayne County","North Carolina",111,110,86,163,166,188,207,197,170,156,164,179,114,0,0,0,0,0,0,0,0,0,0
"Severn","Northampton County","North Carolina",259,276,263,260,309,356,310,340,323,354,284,0,0,0,0,0,0,0,0,0,0,0,0
"Shallotte","Brunswick County","North Carolina",3766,3675,1381,965,680,597,480,493,381,214,174,139,149,0,0,0,0,0,0,0,0,0,0
"Sharpsburg","Edgecombe/Nash/Wilson County","North Carolina",2009,2024,2421,1536,997,789,490,415,345,275,334,121,0,0,0,0,0,0,0,0,0,0,0
"Shelby","Cleveland County","North Carolina",20276,20323,19477,14669,15310,16328,17698,15508,14037,10789,3609,3127,1874,1394,990,0,0,0,0,0,0,0,0
"Siler City","Chatham County","North Carolina",8273,7887,6966,4808,4446,4689,4455,2501,2197,1730,1253,895,440,254,0,0,0,0,0,0,0,0,0
"Simpson","Pitt County","North Carolina",426,416,464,410,407,0,0,0,0,209,0,0,0,0,0,0,0,0,0,0,0,0,0
"Sims","Wilson County","North Carolina",281,282,128,124,192,205,205,207,173,122,0,0,0,0,0,0,0,0,0,0,0,0,0
"Smithfield","Johnston County","North Carolina",11735,10966,11510,7540,7288,6677,6117,5574,3678,2543,1895,1347,764,550,485,415,0,329,0,0,0,0,0
"Snow Hill","Greene County","North Carolina",1582,1595,1514,1378,1374,1359,1043,946,928,826,700,450,405,283,332,320,0,0,0,0,0,0,0
"Southern Pines","Moore County","North Carolina",13235,12334,10918,9129,8620,5937,5198,4272,3225,2524,743,542,517,0,0,0,0,0,0,0,0,0,0
"Southern Shores","Dare County","North Carolina",2818,2714,2201,1447,520,0,0,0,0,0,0,0,0,0,0,0,0,0,0,0,0,0,0
"Southport","Brunswick County","North Carolina",3267,2833,2351,2369,2824,2220,2034,1748,1760,1760,1664,1484,1336,1207,1008,810,0,0,0,0,0,0,0
"Sparta","Alleghany County","North Carolina",1732,1770,1817,1957,1687,1304,1047,620,648,466,159,199,501,95,0,0,0,0,0,0,0,0,0
"Speed","Edgecombe County","North Carolina",79,80,70,88,95,142,142,103,127,95,0,0,0,0,0,0,0,0,0,0,0,0,0
"Spencer","Rowan County","North Carolina",3285,3267,3355,3219,2938,3075,2904,3242,3072,3128,2510,1915,0,0,0,0,0,0,0,0,0,0,0
"Spencer Mountain","Gaston County","North Carolina",37,37,51,135,169,300,0,0,0,0,0,0,0,0,0,0,0,0,0,0,0,0,0
"Spindale","Rutherford County","North Carolina",4274,4321,4022,4040,4246,3848,4082,3891,3952,3066,0,0,0,0,0,0,0,0,0,0,0,0,0
"Spring Hope","Nash County","North Carolina",1316,1320,1261,1221,1254,1334,1336,1275,1222,1222,1221,1246,666,248,0,0,0,0,0,0,0,0,0
"Spring Lake","Cumberland County","North Carolina",13370,11964,8098,7524,6273,3968,4110,0,0,0,0,0,0,0,0,0,0,0,0,0,0,0,0
"Spruce Pine","Mitchell County","North Carolina",2123,2175,2030,2010,2282,2333,2504,2280,1968,1546,717,0,0,0,0,0,0,0,0,0,0,0,0
"St. Helena","Pender County","North Carolina",407,389,395,321,0,0,0,0,0,0,0,0,0,0,0,0,0,0,0,0,0,0,0
"St. James","Brunswick County","North Carolina",4409,3165,804,0,0,0,0,0,0,0,0,0,0,0,0,0,0,0,0,0,0,0,0
"St. Pauls","Robeson County","North Carolina",2424,2035,2137,1992,1639,2011,2249,2251,1923,2080,1147,419,0,0,0,0,0,0,0,0,0,0,0
"Staley","Randolph County","North Carolina",395,393,347,204,204,239,260,236,255,241,157,0,0,0,0,0,0,0,0,0,0,0,0
"Stallings","Union County","North Carolina",14968,13831,3189,2132,1826,0,0,0,0,0,0,0,0,0,0,0,0,0,0,0,0,0,0
"Stanfield","Stanly County","North Carolina",1488,1486,1113,517,463,458,471,0,0,0,0,0,0,0,0,0,0,0,0,0,0,0,0
"Stanley","Gaston County","North Carolina",3641,3556,3053,2823,2341,2336,1980,1644,1036,1084,584,321,441,0,0,0,0,0,0,0,0,0,0
"Stantonsburg","Wilson County","North Carolina",787,784,726,782,920,869,897,627,595,607,424,204,0,0,72,0,0,0,0,0,0,0,0
"Star","Montgomery County","North Carolina",868,876,807,775,816,892,745,677,611,634,467,239,211,0,0,0,0,0,0,0,0,0,0
"Statesville","Iredell County","North Carolina",25722,24532,23320,17567,18622,20007,19844,16901,11440,10490,7895,4599,3141,2318,1062,683,320,215,0,0,0,0,0
"Stedman","Cumberland County","North Carolina",1046,1028,664,577,723,505,458,424,356,289,121,0,0,0,0,0,0,0,0,0,0,0,0
"Stem","Granville County","North Carolina",470,463,229,249,222,242,221,217,218,256,245,0,0,0,0,0,0,0,0,0,0,0,0
"Stokesdale","Guilford County","North Carolina",5289,5047,3267,2134,0,0,0,0,0,238,179,159,0,0,0,0,0,0,0,0,0,0,0
"Stoneville","Rockingham County","North Carolina",1037,1056,1002,1109,1054,1030,951,786,615,564,472,404,0,115,100,0,0,0,0,0,0,0,0
"Stonewall","Pamlico County","North Carolina",275,281,285,279,360,335,214,272,261,329,218,161,168,196,209,0,0,0,0,0,0,0,0
"Stovall","Granville County","North Carolina",429,418,376,409,417,405,570,410,415,415,414,305,0,0,0,0,0,0,0,0,0,0,0
"Sugar Mountain","Avery County","North Carolina",198,198,226,132,0,0,0,0,0,0,0,0,0,0,0,0,0,0,0,0,0,0,0
"Summerfield","Guilford County","North Carolina",10753,10232,7018,2051,1680,0,0,0,0,0,0,0,0,0,0,0,0,0,0,0,0,0,0
"Sunset Beach","Brunswick County","North Carolina",3752,3572,1824,311,304,108,0,0,0,0,0,0,0,0,0,0,0,0,0,0,0,0,0
"Surf City","Pender County","North Carolina",2126,1853,1393,970,421,166,0,0,0,0,0,0,0,0,0,0,0,0,0,0,0,0,0
"Swansboro","Onslow County","North Carolina",3074,2663,1426,1165,976,1207,1104,559,454,394,420,390,265,233,128,141,0,801,0,0,0,0,0
"Swepsonville","Alamance County","North Carolina",1187,1154,922,1195,0,0,0,0,0,0,0,0,441,326,0,0,0,0,0,0,0,0,0
"Sylva","Jackson County","North Carolina",2602,2588,2435,1809,1699,1561,1564,1382,1409,1340,863,698,281,0,0,0,0,0,0,0,0,0,0
"Tabor City","Columbus County","North Carolina",3912,2511,2509,2330,2710,2400,2338,2033,1552,1165,782,418,0,0,0,0,0,0,0,0,0,0,0
"Tar Heel","Bladen County","North Carolina",147,117,70,115,118,87,0,0,0,0,0,0,0,0,0,0,0,0,0,0,0,0,0
"Tarboro","Edgecombe County","North Carolina",11310,11415,11138,11037,8741,9425,8411,8120,7148,6379,4568,4129,2499,1924,1600,1340,1048,709,0,0,0,523,0
"Taylorsville","Alexander County","North Carolina",2086,2098,1799,1566,1103,1231,1470,1310,1122,926,1122,662,413,0,180,169,0,0,0,0,0,0,0
"Taylortown","Moore County","North Carolina",807,722,845,543,0,0,0,0,0,0,0,0,0,0,0,0,0,0,0,0,0,0,0
"Teachey","Duplin County","North Carolina",441,376,245,244,373,219,187,226,228,140,164,154,0,52,56,0,0,0,0,0,0,0,0
"Thomasville","Davidson County","North Carolina",27002,26757,19788,15915,14144,15230,15190,11154,11041,10090,5676,3877,751,590,450,214,308,0,0,0,0,0,0
"Tobaccoville","Forsyth County","North Carolina",2545,2441,2209,0,0,0,0,0,0,0,0,0,0,0,0,0,0,0,0,0,0,0,0
"Topsail Beach","Pender County","North Carolina",399,368,471,346,264,108,0,0,0,0,0,0,0,0,0,0,0,0,0,0,0,0,0
"Trent Woods","Craven County","North Carolina",4221,4155,4192,2366,1177,719,517,0,0,0,0,0,0,0,0,0,0,0,0,0,0,0,0
"Trenton","Jones County","North Carolina",293,287,206,248,294,539,404,469,431,500,488,331,338,207,149,0,0,0,0,0,0,98,0
"Trinity","Randolph County","North Carolina",6662,6614,6690,5469,6878,0,0,0,0,554,400,332,274,380,240,0,0,0,0,0,0,0,0
"Troutman","Iredell County","North Carolina",2496,2383,1592,1493,1360,797,648,613,566,432,342,230,0,0,71,0,0,0,0,0,0,0,0
"Troy","Montgomery County","North Carolina",3399,3189,3430,3404,2702,2429,2346,2213,1861,1522,1102,1055,878,0,130,67,0,0,0,0,0,0,0
"Tryon","Polk County","North Carolina",1632,1646,1760,1680,1796,1951,2223,1985,2043,1670,1067,700,324,0,0,0,0,0,0,0,0,0,0
"Turkey","Sampson County","North Carolina",296,292,262,234,417,329,199,223,188,213,146,0,0,0,0,0,0,0,0,0,0,0,0
"Unionville","Union County","North Carolina",6442,5929,4797,0,0,0,119,124,144,140,135,0,0,0,0,0,0,0,0,0,0,0,0
"Valdese","Burke County","North Carolina",4455,4490,4485,3914,3364,3182,2941,2730,2615,1816,0,0,0,0,0,0,0,0,0,0,0,0,0
"Vanceboro","Craven County","North Carolina",1011,1005,898,946,833,758,806,753,826,742,540,392,291,0,146,0,0,0,0,0,0,0,0
"Vandemere","Pamlico County","North Carolina",248,254,289,299,335,379,452,475,436,360,308,296,169,90,0,0,0,0,0,0,0,0,0
"Varnamtown","Brunswick County","North Carolina",568,541,481,404,0,0,0,0,0,0,0,0,0,0,0,0,0,0,0,0,0,0,0
"Vass","Moore County","North Carolina",742,720,750,670,828,885,767,757,728,602,407,273,0,0,0,0,0,0,0,0,0,0,0
"Waco","Cleveland County","North Carolina",319,321,328,320,322,245,256,310,281,176,189,185,160,105,0,0,0,0,0,0,0,0,0
"Wade","Cumberland County","North Carolina",561,556,480,238,474,315,0,0,0,362,190,0,0,0,0,0,0,0,0,0,0,0,0
"Wadesboro","Anson County","North Carolina",5620,5813,3552,3645,4206,3977,3744,3408,3587,3124,2648,2376,1546,1198,800,480,0,460,0,0,0,0,0
"Wagram","Scotland County","North Carolina",813,840,801,480,617,718,562,397,388,309,174,0,0,0,0,0,0,0,0,0,0,0,0
"Wake Forest","Wake County","North Carolina",36693,30117,12588,5769,3780,3148,2664,3704,1562,1536,1425,1443,823,853,456,0,0,0,0,0,0,0,0
"Walkertown","Forsyth County","North Carolina",4889,4675,4009,1200,0,0,0,0,0,0,0,0,0,0,0,0,0,0,0,0,0,0,0
"Wallace","Duplin County","North Carolina",4001,3880,3344,2939,2903,2905,2285,1622,1050,734,648,444,218,119,0,0,0,0,0,0,0,0,0
"Wallburg","Davidson County","North Carolina",3066,3047,0,0,0,0,0,0,0,0,0,0,0,0,0,0,0,0,0,0,0,0,0
"Walnut Cove","Stokes County","North Carolina",1409,1425,1465,1088,1147,1213,1288,1132,1084,1081,651,480,336,320,0,0,0,0,0,0,0,0,0
"Walnut Creek","Wayne County","North Carolina",859,835,859,623,343,0,0,0,0,0,0,0,0,0,0,0,0,0,0,0,0,0,0
"Walstonburg","Greene County","North Carolina",218,219,224,188,181,176,191,177,198,178,158,127,0,0,0,0,0,0,0,0,0,0,0
"Warrenton","Warren County","North Carolina",869,862,811,949,908,1035,1124,1166,1147,1072,927,807,836,740,816,941,1520,1242,0,0,0,238,0
"Warsaw","Duplin County","North Carolina",3196,3054,3051,2859,2910,2701,2221,1598,1483,1222,1108,723,576,401,182,0,0,0,0,0,0,0,0
"Washington","Beaufort County","North Carolina",9789,9744,9583,9075,8418,8961,9939,9698,8569,7035,6314,6211,4842,3545,2462,2094,1599,2015,0,0,1034,601,0
"Washington Park","Beaufort County","North Carolina",451,451,440,403,514,517,574,421,295,193,0,0,0,0,0,0,0,0,0,0,0,0,0
"Watha","Pender County","North Carolina",228,190,151,99,196,181,174,222,214,227,181,169,0,0,0,0,0,0,0,0,0,0,0
"Waxhaw","Union County","North Carolina",12750,9859,2625,1294,1208,1248,729,818,611,840,750,602,752,0,0,0,0,0,0,0,0,0,0
"Waynesville","Haywood County","North Carolina",9761,9869,9232,6758,6765,6488,6159,5295,2940,2414,1942,2008,1307,455,225,0,0,0,0,0,0,0,0
"Weaverville","Buncombe County","North Carolina",3898,3120,2416,2107,1495,1280,1041,1111,880,848,606,442,329,216,147,0,0,0,0,0,0,0,0
"Webster","Jackson County","North Carolina",373,363,486,410,200,181,166,142,84,134,74,227,0,209,107,0,0,0,0,0,0,0,0
"Weddington","Union County","North Carolina",10322,9459,6696,3803,0,0,0,0,0,0,0,0,0,0,0,0,0,0,0,0,0,0,0
"Weldon","Halifax County","North Carolina",1593,1655,1374,1392,1844,2304,2165,2295,2341,2323,1872,1999,1433,1286,932,208,0,0,0,0,0,0,0
"Wendell","Wake County","North Carolina",6182,5845,4247,2822,2222,1929,1620,1253,1132,980,1239,759,0,0,0,0,0,0,0,0,0,0,0
"Wentworth","Rockingham County","North Carolina",2759,2807,2779,0,0,0,0,0,0,0,0,0,0,0,0,0,0,0,0,0,0,0,0
"Wesley Chapel","Union County","North Carolina",8192,7463,2549,0,0,0,0,0,0,0,0,0,0,0,242,0,0,0,0,0,0,0,0
"West Jefferson","Ashe County","North Carolina",1311,1299,1081,1002,822,889,1000,871,883,704,462,0,0,0,0,0,0,0,0,0,0,0,0
"Whispering Pines","Moore County","North Carolina",3112,2928,2090,1243,1160,362,0,0,0,0,0,0,0,0,0,0,0,0,0,0,0,0,0
"Whitakers","Edgecombe/Nash County","North Carolina",731,744,799,860,924,926,1004,962,883,930,723,755,388,0,0,0,0,0,0,0,0,0,0
"White Lake","Bladen County","North Carolina",788,802,529,390,968,232,130,0,0,0,0,0,0,0,0,0,0,0,0,0,0,0,0
"Whiteville","Columbus County","North Carolina",5601,5394,5148,5078,5565,4195,4683,4238,3011,2203,1604,1368,634,372,0,0,0,0,0,0,0,0,0
"Whitsett","Guilford County","North Carolina",618,590,686,0,0,0,0,0,0,0,0,0,0,0,0,0,0,0,0,0,0,0,0
"Wilkesboro","Wilkes County","North Carolina",3556,3413,3159,2573,2335,2038,1568,1370,1309,1042,814,799,634,336,200,0,0,0,0,0,0,0,0
"Williamston","Martin County","North Carolina",5322,5511,5843,5503,6159,6570,6924,4975,3966,2781,1800,1574,912,751,482,520,616,0,0,0,0,0,0
"Wilmington","New Hanover County","North Carolina",113657,106476,75838,55530,44000,46169,44013,45043,33407,32270,33372,25748,20976,20056,17350,13446,9552,7264,5335,3791,2633,0,1689
"Wilson","Wilson County","North Carolina",49395,49167,44405,36930,34424,29347,28753,23010,19234,12613,10612,6717,3525,2126,1475,1036,960,0,0,0,0,0,0
"Wilson's Mills","Bertie County","North Carolina",2430,2277,1291,0,0,0,0,0,0,350,0,0,0,0,0,0,0,0,0,0,0,0,0
"Windsor","Perquimans County","North Carolina",3512,3630,2283,2056,2126,2199,1813,1781,1747,1425,1210,684,597,522,0,427,315,0,0,0,0,237,0
"Winfall","Union County","North Carolina",602,594,554,501,634,581,269,421,160,426,288,289,222,0,0,0,0,0,0,0,0,0,0
"Wingate","Forsyth County","North Carolina",3906,3491,2406,2821,2615,2569,1304,793,541,526,470,353,0,0,0,0,0,0,0,0,0,0,0
"Winston-Salem","Pitt County","North Carolina",239269,229617,185776,143485,131885,133683,111135,87811,79815,75274,48395,22700,13650,10729,4194,443,0,0,0,0,0,0,0
"Winterville","Hertford County","North Carolina",9511,9269,4791,2816,2052,1437,1418,870,848,654,650,484,243,0,0,0,0,0,0,0,0,0,0
"Winton","Buncombe County","North Carolina",753,769,956,796,825,917,835,834,733,582,489,624,688,419,253,0,0,0,0,0,0,0,0
"Woodfin","Northampton County","North Carolina",6283,6123,3162,2736,3260,0,0,0,0,0,0,0,0,0,0,0,0,0,0,0,0,0,0
"Woodland","New Hanover County","North Carolina",750,809,833,760,861,744,651,590,486,501,400,312,242,247,0,0,0,0,0,0,0,0,0
"Wrightsville Beach","Yadkin County","North Carolina",2549,2477,2593,2937,2910,1701,723,711,252,109,20,54,22,0,0,0,0,0,0,0,0,0,0
"Yadkinville","Caswell County","North Carolina",2930,2959,2818,2525,2216,2232,1644,820,734,590,445,432,292,175,120,0,0,0,0,0,0,0,0
"Yanceyville","Brunswick County","North Carolina",2002,2039,2091,1973,0,1274,1113,1391,0,0,0,338,0,0,0,0,0,0,0,0,0,0,0
"Youngsville","Franklin County","North Carolina",1200,1157,651,424,486,555,596,619,553,395,414,431,345,205,117,0,0,0,0,0,0,0,0
"Zebulon","Wake County","North Carolina",4750,4433,4046,3173,2055,1839,1534,1378,1070,860,953,483,0,0,0,0,0,0,0,0,0,0,0
