"Place","County","State",2014,2010,2000,1990,1980,1970,1960,1950,1940,1930,1920,1910,1900,1890,1880
"Abercrombie","Richland County","North Dakota",260,263,296,252,260,262,244,244,215,242,266,299,0,0,0
"Adams","Walsh County","North Dakota",125,127,203,248,303,284,360,411,355,345,404,338,0,0,0
"Alamo","Williams County","North Dakota",52,57,51,69,122,124,182,192,214,211,0,0,0,0,0
"Alexander","McKenzie County","North Dakota",331,223,217,216,358,208,269,302,415,386,0,0,0,0,0
"Alice","Cass County","North Dakota",40,40,56,62,62,83,124,162,181,169,0,0,0,0,0
"Almont","Morton County","North Dakota",115,122,89,117,146,109,190,190,232,0,0,0,0,0,0
"Alsen","Cavalier County","North Dakota",34,35,68,113,169,201,228,114,312,358,0,0,0,0,0
"Ambrose","Divide County","North Dakota",27,26,23,48,60,109,220,286,294,334,389,320,0,0,0
"Amenia","Cass County","North Dakota",95,94,89,82,93,80,117,127,104,90,0,0,0,0,0
"Amidon","Slope County","North Dakota",21,20,26,24,43,54,84,82,102,141,145,0,0,0,0
"Anamoose","McHenry County","North Dakota",252,227,282,277,355,401,503,542,478,495,563,669,0,0,0
"Aneta","Nelson County","North Dakota",215,222,284,314,341,376,451,469,509,568,662,654,0,0,0
"Antler","Bottineau County","North Dakota",28,27,47,74,101,135,210,217,254,318,265,342,0,0,0
"Ardoch","Walsh County","North Dakota",67,67,61,49,78,70,106,137,119,110,153,271,298,214,0
"Argusville","Cass County","North Dakota",481,475,147,161,147,118,118,126,145,115,0,0,0,0,0
"Arnegard","McKenzie County","North Dakota",166,115,105,122,193,141,228,206,222,254,0,0,0,0,0
"Arthur","Cass County","North Dakota",352,337,402,400,445,412,325,380,335,322,0,0,0,0,0
"Ashley","McIntosh County","North Dakota",756,749,882,1052,1192,1236,1419,1423,1345,1033,1009,682,0,0,0
"Ayr","Cass County","North Dakota",17,17,23,19,42,48,81,104,107,106,0,0,0,0,0
"Balfour","McHenry County","North Dakota",28,26,20,33,51,93,159,162,193,197,322,399,0,0,0
"Balta","Pierce County","North Dakota",65,65,73,79,139,133,165,196,263,0,0,0,0,0,0
"Bantry","McHenry County","North Dakota",15,14,19,16,28,40,66,125,0,0,0,0,0,0,0
"Barney","Richland County","North Dakota",51,52,69,79,70,81,115,0,0,0,0,0,0,0,0
"Bathgate","Pembina County","North Dakota",41,43,66,75,67,133,175,209,312,292,352,328,641,377,0
"Beach","Golden Valley County","North Dakota",1107,1019,1116,1205,1381,1408,1460,1461,1178,1263,1106,1003,0,0,0
"Belfield","Stark County","North Dakota",1026,800,866,887,1274,1130,1064,1051,870,653,526,0,0,0,0
"Benedict","McLean County","North Dakota",67,66,53,52,68,72,129,127,167,145,195,0,0,0,0
"Bergen","McHenry County","North Dakota",7,7,11,12,24,24,52,51,67,98,0,0,0,0,0
"Berlin","LaMoure County","North Dakota",35,34,35,32,57,76,78,124,132,135,130,137,0,0,0
"Berthold","Ward County","North Dakota",496,454,466,409,485,398,431,459,428,511,498,454,0,0,0
"Beulah","Mercer County","North Dakota",3356,3121,3152,3363,2908,1344,1318,1501,942,913,552,0,0,0,0
"Binford","Griggs County","North Dakota",175,183,201,233,293,242,261,309,311,317,393,275,0,0,0
"Bisbee","Towner County","North Dakota",130,126,167,227,257,305,388,365,393,531,500,444,0,0,0
"Bismarck","Burleigh County","North Dakota",68896,61272,55532,49256,44485,34703,27670,18640,15496,11090,7122,5443,3319,2186,1758
"Bottineau","Bottineau County","North Dakota",2305,2211,2336,2598,2829,2760,2613,2268,1739,1322,1172,1331,388,145,0
"Bowbells","Burke County","North Dakota",365,336,406,498,587,584,687,806,787,695,643,651,0,0,0
"Bowdon","Wells County","North Dakota",133,131,139,196,220,229,259,348,348,303,306,302,0,0,0
"Bowman","Bowman County","North Dakota",1706,1650,1600,1741,2071,1762,1730,1382,967,888,767,481,0,0,0
"Braddock","Emmons County","North Dakota",21,21,43,56,86,106,141,175,185,193,216,0,0,0,0
"Briarwood","Cass County","North Dakota",76,73,78,88,47,0,0,0,0,0,0,0,0,0,0
"Brinsmade","Benson County","North Dakota",35,35,29,21,54,36,110,136,206,199,191,203,0,0,0
"Brocket","Ramsey County","North Dakota",56,57,65,81,74,95,153,212,291,276,240,186,0,0,0
"Buchanan","Stutsman County","North Dakota",109,90,77,40,0,0,0,0,0,0,0,0,0,0,0
"Bucyrus","Adams County","North Dakota",27,27,26,22,32,42,60,111,117,124,113,0,0,0,0
"Buffalo","Cass County","North Dakota",195,188,209,204,226,241,234,261,245,242,268,241,213,177,0
"Burlington","Ward County","North Dakota",1044,1060,1096,995,762,247,262,0,0,0,0,0,0,0,0
"Butte","McLean County","North Dakota",69,68,92,129,157,193,257,272,261,231,252,320,0,0,0
"Buxton","Traill County","North Dakota",319,323,350,343,336,235,321,387,404,410,0,0,0,0,0
"Calio","Cavalier County","North Dakota",21,22,24,43,60,75,101,102,98,152,132,0,0,0,0
"Calvin","Cavalier County","North Dakota",19,20,26,27,61,78,104,152,0,0,0,0,0,0,0
"Cando","Towner County","North Dakota",1142,1115,1342,1564,1496,1512,1566,1530,1282,1164,1111,1332,1061,200,0
"Canton City","Pembina County","North Dakota",43,45,42,64,68,81,130,139,148,125,101,115,98,0,0
"Carpio","Ward County","North Dakota",149,157,148,178,244,215,199,194,322,344,244,257,0,0,0
"Carrington","Foster County","North Dakota",2074,2065,2268,2267,2641,2491,2438,2101,1850,1717,1420,1217,0,0,0
"Carson","Grant County","North Dakota",287,293,319,383,469,466,501,493,473,356,277,0,0,0,0
"Casselton","Cass County","North Dakota",2523,2329,1855,1601,1661,1485,1394,1373,1358,1253,1538,1553,1207,840,361
"Cathay","Wells County","North Dakota",43,43,56,54,66,110,110,209,189,235,185,225,0,0,0
"Cavalier","Pembina County","North Dakota",1249,1302,1537,1508,1505,1381,1423,1459,1105,850,819,652,671,0,0
"Cayuga","Sargent County","North Dakota",27,27,61,60,75,116,195,178,196,219,182,175,0,0,0
"Center","Oliver County","North Dakota",569,571,678,826,900,619,476,492,509,293,0,0,0,0,0
"Christine","Richland County","North Dakota",152,150,153,140,147,0,0,0,0,0,0,0,0,0,0
"Churchs Ferry","Ramsey County","North Dakota",12,12,77,118,139,139,161,223,244,295,0,457,264,0,0
"Cleveland","Stutsman County","North Dakota",82,83,112,121,130,128,169,181,246,273,341,0,0,0,0
"Clifford","Traill County","North Dakota",44,44,51,51,51,84,109,158,0,0,0,0,0,0,0
"Cogswell","Sargent County","North Dakota",100,99,165,184,227,203,305,393,430,426,445,418,0,0,0
"Coleharbor","McLean County","North Dakota",85,79,106,88,150,112,210,315,0,0,0,0,0,0,0
"Colfax","Richland County","North Dakota",136,121,91,80,101,70,98,0,0,0,0,0,0,0,0
"Columbus","Burke County","North Dakota",150,133,151,223,325,465,672,525,506,516,332,225,0,0,0
"Conway","Walsh County","North Dakota",22,23,23,24,33,57,67,107,120,100,148,184,216,0,0
"Cooperstown","Griggs County","North Dakota",946,984,1053,1247,1308,1485,1424,1189,1077,1053,1112,1019,648,368,0
"Courtenay","Stutsman County","North Dakota",44,45,53,70,110,125,168,229,297,350,490,539,0,0,0
"Crary","Ramsey County","North Dakota",142,142,149,145,139,150,195,235,267,278,307,279,0,0,0
"Crosby","Divide County","North Dakota",1383,1070,1089,1312,1469,1545,1759,1689,1404,1271,1147,206,0,0,0
"Crystal","Pembina County","North Dakota",132,138,167,199,256,272,372,429,428,314,349,376,385,0,0
"Davenport","Cass County","North Dakota",256,252,261,218,195,147,143,150,147,205,214,226,245,0,0
"Dawson","Kidder County","North Dakota",61,61,75,78,144,131,206,280,263,306,293,0,0,0,0
"Dazey","Barnes County","North Dakota",103,104,91,129,143,128,226,196,215,251,293,265,0,0,0
"Deering","McHenry County","North Dakota",115,98,118,99,85,75,117,136,140,192,142,150,0,0,0
"Des Lacs","Ward County","North Dakota",203,204,209,216,212,197,185,180,197,205,188,0,0,0,0
"Devils Lake","Ramsey County","North Dakota",7288,7141,7222,7782,7442,7078,6299,6427,6204,5519,5004,5157,1729,846,0
"Dickey","LaMoure County","North Dakota",42,42,57,53,74,118,143,165,203,168,190,187,0,0,0
"Dickinson","Stark County","North Dakota",22322,17787,16010,16097,15924,12405,9971,7469,5839,5025,4122,3678,2076,897,0
"Dodge","Dunn County","North Dakota",105,87,125,135,199,121,226,251,234,204,172,0,0,0,0
"Donnybrook","Ward County","North Dakota",55,59,90,106,139,163,196,207,215,259,267,297,0,0,0
"Douglas","Ward County","North Dakota",61,64,64,93,112,144,210,236,313,288,284,171,0,0,0
"Drake","McHenry County","North Dakota",291,275,322,361,479,636,752,831,654,644,517,348,0,0,0
"Drayton","Pembina County","North Dakota",789,824,913,961,1082,1095,940,875,688,502,637,587,688,318,62
"Dunn Center","Dunn County","North Dakota",196,146,122,128,170,107,250,246,238,276,247,0,0,0,0
"Dunseith","Rolette County","North Dakota",795,773,739,723,625,811,1017,713,719,484,374,478,0,0,0
"Dwight","Richland County","North Dakota",81,82,75,83,72,93,101,129,168,104,139,0,0,0,0
"Edgeley","LaMoure County","North Dakota",554,563,637,680,843,888,992,943,803,821,803,749,306,0,0
"Edinburg","Walsh County","North Dakota",191,196,252,284,300,315,330,343,378,284,278,300,286,0,0
"Edmore","Ramsey County","North Dakota",177,182,256,329,416,398,405,458,453,396,501,344,0,0,0
"Egeland","Towner County","North Dakota",29,28,49,103,112,96,190,248,275,333,306,266,0,0,0
"Elgin","Grant County","North Dakota",624,642,659,765,930,839,944,882,583,505,429,0,0,0,0
"Ellendale","Dickey County","North Dakota",1348,1394,1559,1798,1967,1517,1800,1759,1517,1264,1334,1389,750,761,0
"Elliott","Ransom County","North Dakota",25,25,44,32,44,50,62,87,118,106,0,0,0,0,0
"Emerado","Grand Forks County","North Dakota",435,414,510,483,596,515,328,0,0,0,0,0,0,0,0
"Enderlin","Ransom County","North Dakota",878,886,947,997,1151,1343,1596,1504,1593,1839,1919,1540,636,0,0
"Epping","Williams County","North Dakota",88,100,79,64,104,140,151,158,154,183,116,0,0,0,0
"Esmond","Benson County","North Dakota",101,100,159,196,337,416,420,475,449,313,343,353,0,0,0
"Fairdale","Walsh County","North Dakota",37,38,51,76,97,102,126,131,187,171,192,140,0,0,0
"Fairmount","Richland County","North Dakota",364,367,406,427,480,412,503,660,705,611,706,387,284,91,0
"Fargo","Cass County","North Dakota",115863,105549,90599,74111,61383,53365,46662,38256,32580,28619,21961,14331,9589,5664,2693
"Fessenden","Wells County","North Dakota",477,479,625,655,761,815,920,917,902,738,731,713,0,0,0
"Fingal","Barnes County","North Dakota",96,97,133,138,151,166,190,210,300,324,0,0,0,0,0
"Finley","Steele County","North Dakota",439,445,515,543,718,809,808,671,677,587,599,516,0,0,0
"Flasher","Morton County","North Dakota",221,232,285,317,410,467,515,413,387,346,287,0,0,0,0
"Flaxton","Burke County","North Dakota",71,66,73,121,182,286,375,436,362,423,374,301,0,0,0
"Forbes","Dickey County","North Dakota",53,53,64,56,84,88,138,204,268,265,293,221,0,0,0
"Fordville","Walsh County","North Dakota",208,212,266,299,326,361,367,376,439,442,320,0,0,0,0
"Forest River","Walsh County","North Dakota",121,125,154,148,152,169,191,236,207,198,226,233,252,0,0
"Forman","Sargent County","North Dakota",518,504,506,586,629,596,530,466,500,386,402,352,257,178,0
"Fort Ransom","Ransom County","North Dakota",78,77,70,111,99,0,0,0,0,0,0,0,0,0,0
"Fortuna","Divide County","North Dakota",23,22,31,53,98,216,185,181,214,196,198,0,0,0,0
"Fort Yates","Sioux County","North Dakota",194,184,228,183,771,1153,0,0,0,0,0,0,0,511,446
"Fredonia","Logan County","North Dakota",44,46,51,66,82,100,141,268,309,394,296,0,0,0,0
"Frontier","Cass County","North Dakota",215,214,273,218,160,0,0,0,0,0,0,0,0,0,0
"Fullerton","Dickey County","North Dakota",52,54,85,94,107,110,181,206,184,206,202,206,0,0,0
"Gackle","Logan County","North Dakota",297,310,335,450,456,470,523,604,537,493,424,0,0,0,0
"Galesburg","Traill County","North Dakota",107,108,157,161,165,134,166,169,0,0,0,0,0,0,0
"Gardena","Bottineau County","North Dakota",30,29,38,41,66,84,113,116,125,120,99,119,0,0,0
"Gardner","Cass County","North Dakota",77,74,80,85,94,96,107,136,103,108,0,0,0,0,0
"Garrison","McLean County","North Dakota",1542,1453,1318,1530,1830,1614,1794,1890,1117,1024,714,406,0,0,0
"Gascoyne","Bowman County","North Dakota",16,16,23,22,23,34,50,76,48,97,60,0,0,0,0
"Gilby","Grand Forks County","North Dakota",236,237,243,262,283,268,281,0,0,0,0,0,0,0,0
"Gladstone","Stark County","North Dakota",338,239,248,224,317,222,185,224,278,0,0,0,0,0,0
"Glenburn","Renville County","North Dakota",448,380,374,439,454,381,363,281,190,263,228,268,0,0,0
"Glenfield","Foster County","North Dakota",92,91,134,118,164,127,129,0,0,0,0,0,0,0,0
"Glen Ullin","Morton County","North Dakota",759,807,865,927,1125,1070,1210,1324,976,950,875,921,0,0,0
"Golden Valley","Mercer County","North Dakota",182,182,183,239,287,235,286,339,400,294,369,0,0,0,0
"Golva","Golden Valley County","North Dakota",68,61,106,101,101,104,162,174,0,0,0,0,0,0,0
"Goodrich","Sheridan County","North Dakota",97,98,163,192,288,300,392,448,476,468,476,410,0,0,0
"Grace City","Foster County","North Dakota",63,63,71,108,0,0,0,0,0,0,0,0,0,0,0
"Grafton","Walsh County","North Dakota",4268,4284,4516,4840,5293,5946,5885,4901,4070,3136,2512,2229,2378,1594,0
"Grand Forks","Grand Forks County","North Dakota",56057,52838,49321,49425,43765,39008,34451,26836,20228,17112,14010,12478,7652,4979,1705
"Grandin","Cass County","North Dakota",176,173,181,213,210,187,147,156,158,172,0,0,0,0,0
"Grano","Renville County","North Dakota",7,7,9,9,6,4,14,27,57,90,112,0,0,0,0
"Granville","McHenry County","North Dakota",272,241,286,236,281,282,400,404,443,450,394,455,0,0,0
"Great Bend","Richland County","North Dakota",59,60,118,108,113,86,164,169,198,169,142,191,0,0,0
"Grenora","Williams County","North Dakota",257,244,202,261,362,401,448,525,425,487,358,0,0,0,0
"Gwinner","Sargent County","North Dakota",822,753,717,585,725,623,242,197,0,0,0,0,0,0,0
"Hague","Emmons County","North Dakota",67,71,91,109,127,146,197,328,442,364,315,183,0,0,0
"Halliday","Dunn County","North Dakota",222,188,227,288,355,413,509,477,395,305,289,0,0,0,0
"Hamberg","Wells County","North Dakota",21,21,28,19,41,51,64,124,164,187,0,0,0,0,0
"Hamilton","Pembina County","North Dakota",60,61,73,74,109,110,217,241,255,151,200,213,224,257,0
"Hampden","Ramsey County","North Dakota",47,48,60,89,126,114,71,203,193,222,199,0,0,0,0
"Hankinson","Richland County","North Dakota",912,919,1058,1038,1158,1125,1285,1409,1420,1400,1477,1503,713,0,0
"Hannaford","Griggs County","North Dakota",125,131,181,204,201,244,277,313,405,351,431,340,0,0,0
"Hannah","Cavalier County","North Dakota",14,15,20,49,90,145,253,257,261,262,0,0,0,0,0
"Hansboro","Towner County","North Dakota",12,12,8,20,43,49,143,134,196,176,218,0,0,0,0
"Harvey","Wells County","North Dakota",1777,1783,1989,2263,2527,2361,2365,2337,1851,2157,1590,1443,0,0,0
"Harwood","Cass County","North Dakota",760,718,607,590,326,0,0,0,0,0,0,0,0,0,0
"Hatton","Traill County","North Dakota",771,777,707,800,787,808,856,991,933,804,828,666,430,0,0
"Havana","Sargent County","North Dakota",72,71,94,124,148,156,206,267,305,271,319,387,0,0,0
"Haynes","Adams County","North Dakota",23,23,19,37,58,53,111,145,210,167,113,0,0,0,0
"Hazelton","Emmons County","North Dakota",225,235,237,240,266,374,451,453,500,446,382,0,0,0,0
"Hazen","Mercer County","North Dakota",2450,2411,2457,2818,2365,1240,1222,1230,662,689,520,0,0,0,0
"Hebron","Morton County","North Dakota",703,747,803,888,1078,1103,1340,1412,1267,1348,1374,597,0,0,0
"Hettinger","Adams County","North Dakota",1256,1226,1307,1574,1739,1655,1769,1762,1138,1292,817,766,0,0,0
"Hillsboro","Traill County","North Dakota",1591,1603,1563,1488,1600,1309,1278,1331,1338,1317,1183,1237,1172,715,0
"Hoople","Walsh County","North Dakota",235,242,292,310,350,330,334,447,346,325,250,175,174,0,0
"Hope","Steele County","North Dakota",258,258,303,281,406,364,390,470,474,535,699,909,606,238,0
"Horace","Cass County","North Dakota",2548,2430,915,662,494,276,178,190,0,0,0,0,0,0,0
"Hunter","Cass County","North Dakota",270,261,326,341,369,362,446,417,414,406,424,365,407,194,0
"Hurdsfield","Wells County","North Dakota",83,84,91,92,113,139,183,223,258,220,0,0,0,0,0
"Inkster","Grand Forks County","North Dakota",49,50,102,95,135,198,282,304,310,257,368,353,0,211,0
"Jamestown","Stutsman County","North Dakota",15446,15427,15527,15571,16280,15385,15163,10697,8790,8187,6627,4358,2853,2296,393
"Jud","LaMoure County","North Dakota",73,72,76,84,118,110,156,175,202,140,178,99,0,0,0
"Karlsruhe","McHenry County","North Dakota",87,82,119,143,164,172,221,282,289,258,0,0,0,0,0
"Kathryn","Barnes County","North Dakota",52,52,63,72,95,109,142,200,229,224,289,0,0,0,0
"Kenmare","Ward County","North Dakota",1089,1096,1081,1214,1456,1515,1696,1712,1528,1494,1446,1437,0,0,0
"Kensal","Stutsman County","North Dakota",160,163,161,191,210,263,334,376,356,420,415,456,0,0,0
"Kief","McHenry County","North Dakota",14,13,13,24,36,46,97,135,159,139,307,0,0,0,0
"Killdeer","Dunn County","North Dakota",1026,751,713,722,790,615,765,698,650,495,512,0,0,0,0
"Kindred","Cass County","North Dakota",735,692,614,569,568,495,580,504,450,429,334,0,0,0,0
"Knox","Benson County","North Dakota",25,25,59,45,69,104,122,190,189,177,173,330,0,0,0
"Kramer","Bottineau County","North Dakota",30,29,44,51,84,125,175,198,220,190,172,181,0,0,0
"Kulm","LaMoure County","North Dakota",344,354,422,514,570,625,664,707,734,742,725,645,463,0,0
"Lakota","Nelson County","North Dakota",661,672,781,898,963,964,1066,1032,907,860,959,1023,576,227,0
"LaMoure","LaMoure County","North Dakota",935,889,944,970,1077,951,1068,1010,990,889,1014,929,457,309,0
"Landa","Bottineau County","North Dakota",39,38,28,38,62,61,110,132,149,140,0,0,0,0,0
"Langdon","Cavalier County","North Dakota",1806,1878,2101,2241,2335,2182,2151,1838,1546,1221,1228,1214,1188,291,0
"Lankin","Walsh County","North Dakota",95,98,131,152,175,221,303,287,283,267,334,341,0,0,0
"Lansford","Bottineau County","North Dakota",253,245,253,249,294,296,382,352,300,353,337,456,0,0,0
"Larimore","Grand Forks County","North Dakota",1351,1346,1433,1464,1524,1469,1714,1374,1222,979,1089,1224,1235,553,0
"Lawton","Ramsey County","North Dakota",30,30,42,63,101,123,159,211,210,233,227,0,0,0,0
"Leal","Barnes County","North Dakota",20,20,36,35,45,41,70,72,102,105,88,0,0,0,0
"Leeds","Benson County","North Dakota",438,427,464,542,678,626,797,778,782,725,704,682,349,0,0
"Lehr","McIntosh/Logan County","North Dakota",79,80,114,191,254,287,381,394,536,458,362,182,0,0,0
"Leith","Grant County","North Dakota",16,16,28,43,59,92,100,160,166,174,158,0,0,0,0
"Leonard","Cass County","North Dakota",228,223,255,310,289,221,232,0,0,0,0,0,0,0,0
"Lidgerwood","Richland County","North Dakota",635,652,738,799,971,1000,1081,1147,1042,1029,1065,1019,585,0,0
"Lignite","Burke County","North Dakota",248,155,174,242,332,354,355,230,235,217,214,0,0,0,0
"Lincoln","Burleigh County","North Dakota",3351,2406,1730,1132,656,0,0,0,0,0,0,0,0,0,0
"Linton","Emmons County","North Dakota",1047,1097,1321,1410,1561,1695,1826,1675,1602,1192,1011,644,0,0,0
"Lisbon","Ransom County","North Dakota",2139,2154,2292,2177,2283,2090,2093,2031,1997,1650,1855,1758,1046,935,0
"Litchville","Barnes County","North Dakota",171,172,191,205,251,294,345,408,430,410,528,484,0,0,0
"Loma","Cavalier County","North Dakota",15,16,21,27,39,85,20,53,256,293,0,0,0,0,0
"Loraine","Renville County","North Dakota",9,9,19,15,21,33,54,70,74,92,74,0,0,0,0
"Ludden","Dickey County","North Dakota",22,23,29,41,47,44,59,96,150,164,132,109,0,0,0
"Luverne","Steele County","North Dakota",31,31,44,41,65,84,109,154,187,177,225,0,0,0,0
"McClusky","Sheridan County","North Dakota",380,380,415,492,658,664,751,850,924,719,646,517,0,0,0
"McHenry","Foster County","North Dakota",56,56,71,85,113,152,155,189,250,219,299,398,0,0,0
"McVille","Nelson County","North Dakota",345,349,470,559,626,583,551,626,548,513,546,310,0,0,0
"Maddock","Benson County","North Dakota",387,382,498,559,677,708,740,741,691,631,557,374,0,0,0
"Makoti","Ward County","North Dakota",148,154,145,145,199,159,214,219,212,276,283,0,0,0,0
"Mandan","Morton County","North Dakota",20820,18331,16718,15177,15513,11093,10525,7298,6685,5037,4336,3873,1658,1328,239
"Mantador","Richland County","North Dakota",63,64,71,77,76,95,98,138,0,0,0,0,0,0,0
"Manvel","Grand Forks County","North Dakota",380,360,370,333,308,265,313,278,209,183,0,0,0,0,0
"Mapleton","Cass County","North Dakota",868,762,606,682,306,219,180,169,180,195,198,207,322,119,0
"Marion","LaMoure County","North Dakota",133,133,146,169,214,215,309,272,242,258,294,241,0,0,0
"Marmarth","Slope County","North Dakota",143,136,140,144,190,247,319,469,626,721,1318,790,0,0,0
"Martin","Sheridan County","North Dakota",78,78,96,117,114,120,146,171,228,211,198,0,0,0,0
"Max","McLean County","North Dakota",344,334,278,301,330,301,410,465,423,500,473,285,0,0,0
"Maxbass","Bottineau County","North Dakota",86,84,91,123,141,174,218,259,215,217,147,240,0,0,0
"Mayville","Traill County","North Dakota",1843,1858,1953,2092,2255,2554,2168,1790,1351,1199,1218,1070,1106,657,0
"Medina","Stutsman County","North Dakota",304,308,335,387,521,488,545,564,500,407,415,343,0,0,0
"Medora","Billings County","North Dakota",132,112,100,101,94,129,133,0,0,0,0,0,0,0,0
"Mercer","McLean County","North Dakota",98,94,86,104,134,132,154,214,0,0,0,0,0,0,0
"Michigan City","Nelson County","North Dakota",285,294,345,413,502,478,451,486,491,433,491,449,309,0,0
"Milnor","Sargent County","North Dakota",662,653,711,651,716,645,658,674,677,564,680,641,322,279,0
"Milton","Cavalier County","North Dakota",56,58,85,133,195,198,264,322,310,329,393,410,384,202,0
"Minnewaukan","Benson County","North Dakota",227,224,318,401,461,496,420,443,521,480,564,510,432,0,0
"Minot","Ward County","North Dakota",47997,40888,36567,34544,32843,32290,30604,22032,16577,16099,10476,6188,1277,575,0
"Minto","Walsh County","North Dakota",613,604,657,560,592,636,642,592,630,565,602,701,860,467,0
"Mohall","Renville County","North Dakota",818,783,812,931,1049,950,956,1073,687,676,651,493,0,0,0
"Monango","Dickey County","North Dakota",35,36,28,53,59,112,133,138,175,211,231,238,0,0,0
"Montpelier","Stutsman County","North Dakota",87,87,103,82,96,116,97,105,133,165,186,0,0,0,0
"Mooreton","Richland County","North Dakota",195,197,204,193,216,158,164,161,146,147,123,0,0,0,0
"Mott","Hettinger County","North Dakota",786,721,808,1019,1315,1368,1463,1583,1220,1036,723,0,0,0,0
"Mountain","Pembina County","North Dakota",88,92,133,134,156,146,218,219,205,0,0,0,0,0,0
"Munich","Cavalier County","North Dakota",205,210,268,310,300,249,213,248,216,260,248,0,0,0,0
"Mylo","Rolette County","North Dakota",20,20,19,20,31,51,103,110,89,134,140,98,0,0,0
"Napoleon","Logan County","North Dakota",784,792,857,930,1103,1036,1078,1070,982,709,554,0,0,0,0
"Neche","Pembina County","North Dakota",361,371,437,434,471,451,545,615,565,502,523,528,682,314,0
"Nekoma","Cavalier County","North Dakota",48,50,51,63,102,84,143,140,184,191,189,120,0,0,0
"Newburg","Bottineau County","North Dakota",114,110,88,104,151,125,158,105,119,87,110,102,0,0,0
"New England","Hettinger County","North Dakota",635,600,555,663,825,906,1095,1117,895,911,613,0,0,0,0
"New Leipzig","Grant County","North Dakota",216,221,274,326,352,354,390,447,366,443,378,0,0,0,0
"New Rockford","Eddy County","North Dakota",1390,1391,1463,1604,1791,1969,2177,2185,2017,2195,2111,0,0,0,0
"New Salem","Morton County","North Dakota",897,946,938,909,1081,943,986,942,875,804,711,621,229,0,0
"New Town","Mountrail County","North Dakota",2401,1925,1367,1388,1335,1428,1586,0,0,0,0,0,0,0,0
"Niagara","Grand Forks County","North Dakota",52,53,57,73,76,115,157,163,179,207,199,157,0,0,0
"Nome","Barnes County","North Dakota",62,62,70,67,67,103,145,217,277,218,267,218,0,0,0
"Noonan","Divide County","North Dakota",127,121,154,231,283,403,625,551,520,423,376,153,0,0,0
"North River","Cass County","North Dakota",56,56,65,68,65,0,0,0,0,0,0,0,0,0,0
"Northwood","Grand Forks County","North Dakota",918,945,959,1166,1240,1189,1195,1182,1063,971,935,769,697,268,0
"Oakes","Dickey County","North Dakota",1801,1856,1979,1775,2112,1742,1650,1774,1665,1709,1637,1499,668,379,0
"Oberon","Benson County","North Dakota",106,105,81,103,150,151,248,238,0,0,0,0,0,0,0
"Oriska","Barnes County","North Dakota",121,118,128,103,125,128,148,135,217,183,300,0,0,0,0
"Osnabrock","Cavalier County","North Dakota",119,134,174,214,222,255,289,284,269,244,310,253,0,0,0
"Overly","Bottineau County","North Dakota",18,18,19,25,25,28,65,90,125,154,193,182,0,0,0
"Oxbow","Cass County","North Dakota",307,305,248,100,0,0,0,0,0,0,0,0,0,0,0
"Page","Cass County","North Dakota",234,232,225,266,329,367,432,482,428,443,452,479,0,0,0
"Palermo","Mountrail County","North Dakota",82,74,77,95,97,146,188,150,178,205,179,177,0,0,0
"Park River","Walsh County","North Dakota",1379,1403,1535,1725,1844,1680,1813,1692,1408,1131,1114,1008,1088,534,0
"Parshall","Mountrail County","North Dakota",1220,903,981,943,1059,1246,1216,935,570,470,376,0,0,0,0
"Pekin","Nelson County","North Dakota",68,70,80,101,101,120,180,221,229,210,197,0,0,0,0
"Pembina","Pembina County","North Dakota",567,592,642,642,673,741,625,640,703,551,802,717,929,670,287
"Perth","Towner County","North Dakota",9,9,13,22,20,44,73,124,145,153,218,221,0,0,0
"Petersburg","Nelson County","North Dakota",185,192,195,219,230,266,272,318,285,310,367,353,0,0,0
"Pettibone","Kidder County","North Dakota",69,70,88,93,127,173,205,0,0,0,0,0,0,0,0
"Pick City","Mercer County","North Dakota",135,123,166,203,182,119,101,294,0,0,0,0,0,0,0
"Pillsbury","Barnes County","North Dakota",12,12,24,31,46,50,76,119,161,260,142,0,0,0,0
"Pingree","Stutsman County","North Dakota",59,60,66,61,88,76,151,161,167,266,286,0,0,0,0
"Pisek","Walsh County","North Dakota",103,106,96,130,156,154,176,215,242,225,300,312,132,0,0
"Plaza","Mountrail County","North Dakota",188,171,167,193,222,291,385,389,360,408,345,224,0,0,0
"Portal","Burke County","North Dakota",154,126,131,192,238,251,351,409,499,512,454,491,0,0,0
"Portland","Traill County","North Dakota",599,606,604,602,627,534,606,641,551,500,623,561,524,367,0
"Powers Lake","Burke County","North Dakota",301,280,309,408,466,523,633,565,464,382,251,0,0,0,0
"Prairie Rose","Cass County","North Dakota",73,73,68,49,76,0,0,0,0,0,0,0,0,0,0
"Ray","Williams County","North Dakota",751,592,534,603,766,776,1049,721,579,621,563,436,0,0,0
"Reeder","Adams County","North Dakota",163,162,181,252,355,306,321,339,263,395,258,198,0,0,0
"Regan","Burleigh County","North Dakota",44,43,43,51,71,74,104,129,149,162,202,0,0,0,0
"Regent","Hettinger County","North Dakota",171,160,211,268,297,344,388,405,261,308,262,0,0,0,0
"Reile's Acres","Cass County","North Dakota",583,513,254,210,191,0,0,0,0,0,0,0,0,0,0
"Reynolds","Traill/Grand Forks County","North Dakota",305,301,350,299,309,236,269,335,315,351,389,412,389,0,0
"Rhame","Bowman County","North Dakota",176,169,189,186,222,206,254,340,283,356,302,0,0,0,0
"Richardton","Stark County","North Dakota",548,529,619,625,699,799,792,721,682,710,626,647,0,0,0
"Riverdale","McLean County","North Dakota",221,205,273,283,0,0,0,0,0,0,0,0,0,0,0
"Robinson","Kidder County","North Dakota",37,37,71,87,129,125,155,166,160,185,0,0,0,0,0
"Rocklake","Towner County","North Dakota",105,101,194,221,287,270,350,385,348,279,238,194,0,0,0
"Rogers","Barnes County","North Dakota",46,46,61,69,68,96,119,150,174,169,173,0,0,0,0
"Rolette","Rolette County","North Dakota",608,594,538,623,667,579,524,451,460,428,409,498,0,0,0
"Rolla","Rolette County","North Dakota",1332,1280,1417,1286,1538,1458,1398,1176,1008,852,675,587,400,255,0
"Ross","Mountrail County","North Dakota",108,97,48,61,104,125,167,0,0,0,0,0,0,0,0
"Rugby","Pierce County","North Dakota",2911,2876,2939,2909,3335,2889,2972,2907,2215,1512,1424,1630,487,0,0
"Ruso","McLean County","North Dakota",4,4,6,8,12,15,31,37,65,104,120,141,0,0,0
"Rutland","Sargent County","North Dakota",164,163,220,212,250,225,308,309,305,264,291,224,0,0,0
"Ryder","Ward County","North Dakota",82,85,92,121,158,211,264,330,467,457,483,338,0,0,0
"St. John","Rolette County","North Dakota",360,341,358,368,401,367,420,451,517,372,460,424,0,0,0
"St. Thomas","Pembina County","North Dakota",318,331,447,444,528,508,660,566,503,595,500,513,661,477,0
"Sanborn","Barnes County","North Dakota",193,192,194,164,237,255,263,324,366,343,391,390,259,227,0
"Sarles","Cavalier County","North Dakota",27,28,25,86,111,148,225,285,302,383,348,346,0,0,0
"Sawyer","Ward County","North Dakota",345,357,377,319,417,373,390,264,271,206,241,327,0,0,0
"Scranton","Bowman County","North Dakota",286,281,304,294,415,360,358,360,277,381,353,214,0,0,0
"Selfridge","Sioux County","North Dakota",170,160,223,242,273,346,371,343,329,351,153,0,0,0,0
"Sentinel Butte","Golden Valley County","North Dakota",62,56,62,79,86,125,160,229,256,219,292,0,0,0,0
"Sharon","Steele County","North Dakota",95,96,109,119,166,201,251,312,371,328,362,304,0,0,0
"Sheldon","Ransom County","North Dakota",121,116,135,149,173,192,221,267,281,327,321,358,318,253,0
"Sherwood","Renville County","North Dakota",252,242,255,286,294,369,360,421,390,455,423,328,0,0,0
"Sheyenne","Eddy County","North Dakota",202,204,318,272,307,362,423,469,431,417,0,0,0,0,0
"Sibley","Barnes County","North Dakota",30,30,46,41,21,20,22,0,0,0,0,0,0,0,0
"Solen","Sioux County","North Dakota",89,83,86,92,138,180,0,0,0,0,0,0,0,0,0
"Souris","Bottineau County","North Dakota",59,58,83,97,122,151,213,206,259,248,269,267,0,0,0
"South Heart","Stark County","North Dakota",403,301,307,322,294,132,0,0,0,0,0,0,0,0,0
"Spiritwood Lake","Stutsman County","North Dakota",96,90,72,61,50,0,0,0,0,0,0,0,0,0,50
"Springbrook","Williams County","North Dakota",25,27,26,29,52,27,35,51,77,105,93,0,0,0,0
"Stanley","Mountrail County","North Dakota",2427,1458,1279,1371,1631,1581,1795,1486,1058,936,591,518,0,0,0
"Stanton","Mercer County","North Dakota",367,366,345,517,623,517,409,571,370,358,325,0,0,0,0
"Starkweather","Ramsey County","North Dakota",117,117,157,197,210,193,223,229,295,312,302,246,0,0,0
"Steele","Kidder County","North Dakota",711,715,761,762,796,696,847,762,721,519,550,500,185,133,0
"Strasburg","Emmons County","North Dakota",392,409,549,553,623,642,612,733,994,695,653,273,0,0,0
"Streeter","Stutsman County","North Dakota",167,170,172,161,264,324,491,602,647,711,640,0,0,0,0
"Surrey","Ward County","North Dakota",1211,934,917,856,999,361,309,0,0,0,0,0,0,0,0
"Sykeston","Wells County","North Dakota",116,117,153,167,193,232,236,272,273,327,367,276,0,0,0
"Tappen","Kidder County","North Dakota",200,197,210,239,271,294,326,379,323,268,182,0,0,0,0
"Taylor","Stark County","North Dakota",175,148,150,163,239,162,215,258,251,263,285,0,0,0,0
"Thompson","Grand Forks County","North Dakota",1009,986,1006,930,785,291,211,270,276,273,0,0,0,0,0
"Tioga","Williams County","North Dakota",1603,1230,1125,1278,1597,1667,2087,456,385,435,320,203,0,0,0
"Tolley","Renville County","North Dakota",49,47,63,79,103,163,189,248,177,225,325,250,0,0,0
"Tolna","Nelson County","North Dakota",160,166,202,230,241,247,291,281,172,174,199,209,0,0,0
"Tower City","Cass County","North Dakota",261,253,252,233,293,289,300,292,364,435,447,452,468,309,159
"Towner","McHenry County","North Dakota",571,533,574,669,867,870,948,955,918,622,610,691,331,211,0
"Turtle Lake","McLean County","North Dakota",593,581,580,681,802,712,792,839,632,579,395,0,0,0,0
"Tuttle","Kidder County","North Dakota",80,80,106,160,202,216,255,368,357,383,321,0,0,0,0
"Underwood","McLean County","North Dakota",774,778,812,976,1329,781,819,1061,613,488,453,422,0,0,0
"Upham","McHenry County","North Dakota",144,130,155,205,227,272,333,403,243,257,196,296,0,0,0
"Valley City","Barnes County","North Dakota",6676,6585,6826,7163,7774,7843,7809,6851,5917,5268,4686,4606,2446,1089,302
"Velva","McHenry County","North Dakota",1267,1084,1049,968,1101,1241,1330,1170,1017,870,836,837,0,0,0
"Venturia","McIntosh County","North Dakota",13,10,23,30,40,77,148,190,257,233,207,0,0,0,0
"Verona","LaMoure County","North Dakota",86,85,108,103,126,140,162,189,201,222,258,235,0,0,0
"Voltaire","McHenry County","North Dakota",42,40,51,63,65,54,70,72,101,61,0,0,0,0,0
"Wahpeton","Richland County","North Dakota",7903,7766,8586,8751,9064,7076,5876,5125,3747,3176,3069,2467,2228,1510,400
"Walcott","Richland County","North Dakota",235,235,189,178,186,166,0,0,0,0,0,0,0,53,0
"Wales","Cavalier County","North Dakota",30,31,30,48,74,116,151,235,0,0,0,0,0,0,0
"Walhalla","Pembina County","North Dakota",960,996,1057,1131,1429,1471,1432,1463,1138,700,634,592,377,0,67
"Warwick","Benson County","North Dakota",66,65,75,80,108,168,204,155,224,249,290,0,0,0,0
"Washburn","McLean County","North Dakota",1312,1246,1389,1506,1767,804,993,913,901,753,558,657,0,0,0
"Watford City","McKenzie County","North Dakota",4206,1744,1435,1784,2119,1768,1865,1371,1073,769,260,0,0,0,0
"West Fargo","Cass County","North Dakota",31771,25830,14940,12287,10099,5161,3328,1032,707,0,0,0,0,0,0
"Westhope","Bottineau County","North Dakota",426,429,533,578,741,705,824,575,460,521,439,592,0,0,0
"White Earth","Mountrail County","North Dakota",90,80,63,73,98,128,208,218,272,240,247,264,0,0,0
"Wildrose","Williams County","North Dakota",101,110,129,193,214,235,361,430,472,518,449,0,0,0,0
"Williston","Williams County","North Dakota",24562,14716,12512,13131,13336,11280,11866,7378,5790,5106,4178,3124,763,295,0
"Willow City","Bottineau County","North Dakota",167,163,221,281,329,403,494,595,524,577,559,623,476,0,0
"Wilton","McLean/Burleigh County","North Dakota",726,711,807,728,950,695,739,796,851,1001,1026,437,0,0,0
"Wimbledon","Barnes County","North Dakota",215,216,237,275,330,337,402,449,357,421,521,571,226,0,0
"Wing","Burleigh County","North Dakota",156,152,124,208,220,223,303,312,235,237,0,0,0,0,0
"Wishek","McIntosh County","North Dakota",992,1002,1122,1171,1345,1275,1290,1241,1112,1146,1003,432,0,0,0
"Wolford","Pierce County","North Dakota",36,36,50,56,76,81,136,140,206,0,0,0,0,0,0
"Woodworth","Stutsman County","North Dakota",49,50,80,102,137,139,221,207,245,261,207,0,0,0,0
"Wyndmere","Richland County","North Dakota",421,429,533,501,550,516,644,627,499,521,570,439,0,0,0
"York","Benson County","North Dakota",23,23,26,35,69,102,148,0,0,0,0,0,0,0,0
"Zap","Mercer County","North Dakota",245,237,231,287,511,271,339,425,574,406,257,0,0,0,0
"Zeeland","McIntosh County","North Dakota",85,86,141,197,253,313,427,484,489,419,323,193,0,0,0
